Equipo1,Equipo2,Es_Local_E1,EQUIPO1_GOLES,EQUIPO2_GOLES,Goles_dentro_area_E1,Goles_Fuera_Area_E1,Goles_dentro_area_E2,Goles_Fuera_Area_E2,Disparos_totales_E1,Disparos_a_puerta_E1,Disparos_fuera_E1,Disparo_Bloqueados_E1,Disparos_Al palo_E1,Disparos_Larguero_E1,Disparos_Poste_E1,Disparos_a_puerta_fuera_del_area_E1,Disparos_fuera_desde_fuera_del_area_E1,Disparos_totales_E2,Disparos_a_puerta_E2,Disparos_fuera_E2,Disparo_Bloqueados_E2,Disparos_Al palo_E2,Disparos_Larguero_E2,Disparos_Poste_E2,Disparos_a_puerta_fuera_del_area_E2,Disparos_fuera_desde_fuera_del_area_E2,Asistencias_E1,Penaltis_marcados_E1,Penaltis_fallados_E1,Penaltis_forzados_E1,Ataques_E1,Oportunidades_claras_E1,Saques_de_esquina_sacados_E1,Fueras_de_juego_E1,Regates_E1,Ataques_tercio_ofensivo_E1,Ataques_zonas_clave_E1,Carreras_hacia_el_area_E1,Asistencias_E2,Penaltis_marcados_E2,Penaltis_fallados_E2,Penaltis_forzados_E2,Ataques_E2,Oportunidades_claras_E2,Saques_de_esquina_sacados_E2,Fueras_de_juego_E2,Regates_E2,Ataques_tercio_ofensivo_E2,Ataques_zonas_clave_E2,Carreras_hacia_el_area_E2,Posesion_E1,Precision_pase_E1,Pases_completados_E1,Pases_realizados_E1,Pases_cortos_completados_E1,Pases_media_distancia_completados_E1,Pases_en_largo_completados_E1,Pases_completados_atras_E1,Pases_completadosa_izquierda_E1,Pases_completados_derecha_E1,Libres_directos_sacados_E1,Centros__tercio_ofensivo_E1,Pases_zonas_clave_E1,Pases_al_area_E1,Precision_en_el_centro_E1,Centros_completados_E1,Centros_realizados_E1,Tiempo_de_posesion_E1,Posesion_E2,Precision_pase_E2,Pases_completados_E2,Pases_realizados_E2,Pases_cortos_completados_E2,Pases_media_distancia_completados_E2,Pases_en_largo_completados_E2,Pases_completados_atras_E2,Pases_completadosa_izquierda_E2,Pases_completados_derecha_E2,Libres_directos_sacados_E2,Centros__tercio_ofensivo_E2,Pases_zonas_clave_E2,Pases_al_area_E2,Precision_en_el_centro_E2,Centros_completados_E2,Centros_realizados_E2,Tiempo_de_posesion_E2,Balones_recuperados_E1,Bloqueos_E1,Penaltis_cometidos_E1,Entradas_E1,Entradas_con_exito_E1,Entradas_perdidas_E1,Despejes_completados_E1,Despejes_realizados_E1,Balones_recuperados_E2,Bloqueos_E2,Penaltis_cometidos_E2,Entradas_E2,Entradas_con_exito_E2,Entradas_perdidas_E2,Despejes_completados_E2,Despejes_realizados_E2,goles_encajados_E1,Goles_encajados_propia_puerta_E1,Porterias_a_cero_E1,Paradas_E1,Paradas_en_libres_directo_E1,Paradas-tras_libre_indirecto_E1,Penaltis_parados_E1,Balones_blocados_E1,Balones_blocados_por arriba_E1,Balones_blocados_por_abajo_E1,Despejes_de_puños_E1,goles_encajados_E2,Goles_encajados_propia_puerta_E2,Porterias_a_cero_E2,Paradas_E2,Paradas_en_libres_directo_E2,Paradas-tras_libre_indirecto_E2,Penaltis_parados_E2,Balones_blocados_E2,Balones_blocados_por arriba_E2,Balones_blocados_por_abajo_E2,Despejes_de_puños_E2,Tarjetas_amarillas_E1,Tarjetas_rojas_E1,Faltas_cometidas_E1,Faltas_cometidas_tercio_def_E1,Faltas_cometidas_en_campo_propio_E1,Tarjetas_amarillas_E2,Tarjetas_rojas_E2,Faltas_cometidas_E2,Faltas_cometidas_tercio_def_E2,Faltas_cometidas_en_campo_propio_E2,media11_titular_E1,media11_titular_E2,Eficiencia_Tiros_E1,Eficiencia_Tiros_E2,Diferencia_Goles,Resultado_E1,Equipo1_PromedioGoles,Equipo2_PromedioGoles
PSV,Union SG,1,1,3,1,0,3,0,10,3,5,2,1,1,0,0,0,18,7,7,4,0,0,0,0,2,0,0,0,0,54,2,7,0,24,14,10,4,1,1,0,1,44,0,7,8,17,11,8,12,60,86,450,526,127,279,44,78,122,115,17,48,31,5,4,1,24,220,40,78,257,331,98,129,30,51,58,54,8,32,20,8,43,6,14,217,46,4,1,23,14,9,9,14,61,2,0,27,23,4,28,33,3,0,0,4,0,0,0,1,0,1,1,1,0,0,2,0,0,0,3,2,1,1,0,0,9,4,5.0,0,0,9,1,4,6.64,7.13,0.3333333333333333,0.42857142857142855,-2,Loss,3.5,2.0
Athletic Club,Arsenal,1,0,2,0,0,2,0,11,2,4,5,0,0,0,0,2,11,6,4,1,0,0,0,0,1,0,0,0,0,34,0,2,0,10,11,9,6,2,0,0,0,41,0,2,2,24,13,10,12,40,78,232,298,36,174,22,42,60,59,17,24,15,9,25,3,12,179,60,86,414,483,53,331,30,88,108,113,18,33,12,9,19,3,16,187,49,1,0,15,6,9,23,26,40,5,0,12,6,6,13,24,2,0,0,4,0,0,0,2,1,1,0,0,0,1,2,0,0,0,2,2,0,0,1,0,18,2,5.0,3,0,15,1,3,6.32,6.75,0.0,0.3333333333333333,-2,Loss,1.5,2.5
Real Madrid,Marseille,1,2,1,2,0,1,0,28,15,8,5,1,0,1,3,4,15,5,8,2,0,0,0,3,1,0,2,0,1,55,1,9,1,26,14,13,13,1,0,0,0,30,0,4,3,16,17,8,6,44,85,348,408,118,196,34,65,84,96,14,45,31,16,50,6,12,174,56,89,472,533,193,248,31,92,124,132,10,21,15,12,44,4,9,175,34,2,0,13,7,6,10,10,37,5,2,21,11,10,18,20,1,0,0,4,0,0,0,0,0,0,0,2,0,0,13,0,0,0,3,1,2,0,3,1,9,1,1.0,2,0,14,2,9,7.21,6.43,0.13333333333333333,0.2,1,Win,1.5,1.0
Benfica,Qarabag,1,2,3,2,0,3,0,14,3,5,6,1,0,1,1,3,10,5,3,2,1,0,1,0,1,1,0,0,0,72,0,8,1,10,25,28,9,3,0,0,0,35,1,3,1,11,13,10,3,52,86,422,490,77,304,41,81,109,109,7,53,31,15,11,2,18,168,48,84,360,431,77,250,33,94,83,92,12,33,20,7,29,2,7,175,46,2,0,15,11,4,11,11,45,6,0,11,6,5,27,29,3,0,0,2,0,0,0,2,1,1,0,2,0,0,1,0,0,0,4,2,2,0,0,0,11,2,6.0,0,0,6,3,5,6.723333333333334,6.77,0.6666666666666666,0.6,-1,Loss,2.0,2.0
Juventus,BDortmund,1,4,4,3,1,2,2,18,7,6,5,0,0,0,3,2,10,5,3,2,1,0,1,2,2,4,0,0,0,47,0,4,4,16,12,13,4,2,1,0,0,32,1,2,0,7,7,7,2,50,89,445,500,84,327,34,77,122,139,8,35,25,16,32,6,19,186,50,84,394,470,49,302,43,89,106,107,15,33,24,4,0,0,5,189,46,2,1,15,5,10,15,16,34,5,0,16,1,15,17,24,4,0,0,1,0,0,0,0,0,0,1,4,0,0,3,0,0,0,2,2,0,0,0,0,13,1,4.0,1,0,8,2,4,6.723333333333334,6.77,0.5714285714285714,0.8,0,Draw,2.5,4.0
Tottenham,Villareal,1,1,0,0,0,0,0,9,1,5,3,0,0,0,1,3,11,0,6,5,0,0,0,0,3,1,0,0,0,27,0,3,1,22,10,11,6,0,0,0,0,26,0,3,1,20,5,7,3,58,86,432,502,82,306,44,83,102,119,14,38,19,8,33,6,18,179,42,81,288,356,63,197,28,45,78,73,15,24,16,8,8,1,12,179,48,5,0,25,13,12,13,18,35,3,0,15,7,8,19,25,0,0,1,0,0,0,0,4,2,2,1,1,1,0,1,0,0,0,3,2,1,3,4,0,14,1,5.0,4,0,13,2,7,6.723333333333334,6.77,1.0,0.0,1,Win,1.0,0.0
Olympiacos,Pafos,1,0,0,0,0,0,0,17,3,7,7,0,0,0,1,1,6,1,5,0,0,0,0,1,2,0,0,0,0,78,0,9,2,21,19,21,4,0,0,0,0,13,0,0,1,12,6,4,2,63,85,444,520,90,310,44,70,113,123,15,65,37,22,20,10,49,206,37,72,185,258,67,107,12,34,57,38,16,9,7,2,0,0,0,205,42,0,0,12,4,8,4,4,53,7,0,14,1,13,48,59,0,0,1,1,0,0,0,1,0,1,0,0,0,1,3,0,0,0,5,2,3,0,3,0,15,2,2.0,3,1,14,5,9,6.723333333333334,6.77,0.0,0.0,0,Draw,0.0,0.0
Slavia Praha,Bodo,1,2,2,2,0,2,0,26,10,8,8,1,0,1,1,4,12,9,1,2,0,0,0,2,0,2,0,0,0,56,1,8,5,15,10,10,9,0,0,1,1,39,3,4,0,16,13,18,1,42,78,257,331,60,170,27,48,54,55,11,30,13,21,38,11,29,217,58,80,320,399,74,216,30,67,81,94,16,42,25,13,27,3,11,224,36,2,1,24,7,17,15,20,39,8,0,11,5,6,23,34,2,0,0,7,0,0,1,1,0,1,1,2,0,0,8,0,0,0,3,2,1,1,2,0,13,4,7.0,3,0,11,2,7,6.723333333333334,6.77,0.2,0.2222222222222222,0,Draw,1.0,1.5
Paris,Atlanta,1,4,0,3,1,0,0,22,13,5,4,0,0,0,2,2,7,2,3,2,0,0,0,1,1,2,0,1,1,53,3,6,3,16,16,12,7,0,0,0,0,19,0,1,2,5,8,9,3,65,92,652,708,151,462,39,137,168,186,12,44,45,19,40,4,10,147,35,81,282,347,49,202,31,62,68,65,8,25,16,3,50,4,8,143,40,2,0,8,3,5,7,7,35,4,1,13,5,8,9,11,0,0,1,2,0,0,0,0,0,0,1,4,0,0,9,0,0,1,0,0,0,1,0,0,5,1,2.0,1,0,11,3,7,6.723333333333334,6.77,0.3076923076923077,0.0,4,Win,2.5,0.0
Bayern Munchen,Chelsea,1,3,1,2,0,1,0,16,5,7,4,0,0,0,0,4,9,3,4,2,0,0,0,1,3,1,1,0,1,46,1,6,4,9,12,9,5,1,0,0,0,42,0,2,3,12,8,5,7,57,91,509,559,189,274,46,125,121,116,9,26,24,13,12,2,16,144,43,88,384,434,138,207,39,83,102,93,17,31,22,8,17,2,12,147,29,2,0,8,2,6,15,15,25,4,1,10,2,8,9,9,1,0,0,2,0,0,0,1,1,0,0,3,1,0,3,0,0,0,2,1,1,2,3,0,12,3,5.0,2,0,7,3,4,6.723333333333334,6.77,0.6,0.3333333333333333,2,Win,3.5,1.0
Liverpool,Atleti,1,3,2,3,0,1,1,20,6,9,5,1,0,1,0,1,10,4,4,2,0,0,0,2,1,3,0,0,0,62,1,7,1,17,20,21,12,1,0,0,0,41,0,6,2,6,14,10,8,56,90,547,605,120,391,36,97,152,139,11,60,38,17,26,6,23,180,44,86,407,473,101,264,42,82,111,103,8,43,17,11,12,3,25,180,40,2,0,11,6,5,20,22,44,5,0,13,7,6,19,21,2,0,0,2,0,0,0,5,4,1,0,3,0,0,3,0,0,0,2,0,2,1,1,0,7,0,1.0,3,1,9,2,4,6.723333333333334,6.77,0.5,0.5,1,Win,2.0,1.0
Ajax,Inter,1,0,2,0,0,2,0,7,2,4,1,0,0,0,0,1,14,4,4,6,0,0,0,0,1,0,0,0,0,38,0,3,2,14,18,11,4,2,0,0,0,37,0,5,1,7,7,3,4,56,88,460,522,82,333,45,83,118,140,18,32,20,7,20,4,20,176,44,84,335,401,73,233,29,79,92,79,17,39,26,15,50,5,10,180,39,6,0,24,7,17,19,22,38,1,0,19,3,16,21,22,2,0,0,2,0,0,0,4,1,3,0,0,0,1,2,0,0,0,4,2,2,1,1,0,15,1,9.0,2,0,17,2,6,6.723333333333334,6.77,0.0,0.5,-2,Loss,0.0,3.0
Club Brugge,Monaco,1,4,1,4,0,1,0,26,9,9,8,0,0,0,1,3,13,5,5,3,0,0,0,1,4,3,0,0,0,53,2,4,0,10,13,12,10,1,0,1,1,40,1,5,1,8,18,16,2,47,84,394,468,96,252,46,74,93,105,10,36,23,16,45,5,11,166,53,86,423,491,102,293,28,92,111,106,10,39,29,13,33,3,9,160,41,3,1,18,8,10,15,19,33,8,0,11,2,9,13,15,1,0,0,4,0,0,1,2,0,2,1,4,0,0,6,0,0,0,0,0,0,1,2,0,11,3,4.0,2,0,9,2,3,6.723333333333334,6.77,0.4444444444444444,0.2,3,Win,4.0,1.0
Copengagen,Leverkursen,1,2,2,2,0,0,1,12,7,4,1,0,0,0,3,2,15,4,7,4,1,0,1,1,6,2,0,0,0,37,1,4,0,13,17,14,6,1,0,0,0,53,1,5,0,12,17,18,6,39,82,307,376,80,197,30,60,73,68,13,29,17,6,20,3,15,177,61,89,582,652,137,402,43,111,174,140,14,50,34,10,22,4,18,179,48,4,0,22,10,12,7,14,49,1,0,17,5,12,14,15,2,1,0,3,0,0,0,1,0,1,2,2,0,0,5,1,0,0,1,1,0,0,3,0,14,4,6.0,2,0,13,3,6,6.723333333333334,6.77,0.2857142857142857,0.5,0,Draw,2.0,2.0
Man City,Napoli,1,2,0,2,0,0,0,22,7,9,6,0,0,0,3,2,1,1,0,0,0,0,0,0,0,2,0,0,0,96,0,9,1,16,39,49,10,0,0,0,0,18,0,2,1,7,5,2,1,69,94,766,819,127,596,43,154,238,227,5,87,103,21,29,8,28,144,31,83,230,277,30,182,18,56,57,62,4,15,6,5,29,2,7,141,24,0,0,7,4,3,3,3,30,6,0,11,9,2,20,27,0,0,1,1,0,0,0,3,1,2,0,2,0,0,6,0,0,0,5,2,3,3,0,0,3,0,0.0,1,1,4,2,3,6.723333333333334,6.77,0.2857142857142857,0.0,2,Win,2.0,1.0
Frankfurt,Galatasaray,1,5,1,4,0,1,0,12,6,2,4,0,0,0,2,0,14,5,6,3,0,0,0,2,2,5,0,0,0,31,0,4,1,9,12,11,7,1,0,0,0,39,0,3,0,9,16,14,1,41,76,258,338,61,174,23,58,80,45,14,18,8,9,27,4,15,172,59,87,467,535,100,318,49,101,111,125,10,43,21,10,25,4,16,168,36,3,0,10,2,8,12,17,36,5,0,11,1,10,20,22,1,0,0,4,0,0,0,0,0,0,0,5,1,0,2,0,0,0,0,0,0,0,1,0,10,2,5.0,1,0,13,1,4,6.723333333333334,6.77,0.8333333333333334,0.2,4,Win,3.0,1.0
Sporting CP,Kairat Almaty,1,4,1,3,1,1,0,21,8,8,5,1,0,1,2,4,9,4,2,3,0,0,0,2,2,3,0,1,1,64,4,8,0,30,21,21,14,1,0,0,0,19,0,3,1,5,10,12,3,63,86,497,581,120,330,47,112,123,125,11,58,32,13,18,4,22,186,37,76,237,312,58,156,23,48,49,58,14,21,13,5,22,2,9,186,50,3,0,9,2,7,10,10,44,5,1,21,8,13,25,28,1,0,0,3,0,0,0,2,1,1,0,4,0,0,4,0,0,1,1,0,1,1,4,0,14,1,5.0,2,0,11,4,5,6.723333333333334,6.77,0.5,0.25,3,Win,3.0,1.0
Newcastle,Barcelona,1,1,2,1,0,1,1,9,5,1,3,0,0,0,3,0,19,5,8,6,0,0,0,1,2,1,0,0,0,47,0,6,3,16,8,3,9,1,0,0,0,49,0,4,0,15,21,20,11,39,74,215,291,72,112,31,34,54,44,12,21,16,17,33,8,24,202,61,88,472,539,217,223,32,100,119,119,14,45,36,11,22,2,9,203,40,6,0,8,2,6,23,23,29,3,0,18,7,11,19,24,2,0,0,3,0,0,0,3,1,2,0,1,0,0,4,0,0,0,5,2,3,1,3,0,11,3,6.0,4,0,12,2,4,6.723333333333334,6.77,0.2,0.4,-1,Loss,2.0,2.0
Atlanta,Club Brugge,1,2,1,2,0,1,0,20,2,11,7,0,0,0,0,4,7,2,4,1,0,0,0,1,2,1,1,0,1,53,0,7,1,16,18,21,13,1,0,0,0,39,1,1,0,7,14,11,4,49,88,425,483,71,318,36,73,112,125,9,37,30,14,25,7,28,177,51,88,471,537,105,336,30,121,113,110,9,37,33,8,0,0,5,173,36,1,0,6,1,5,16,24,28,7,1,22,7,15,22,37,1,0,0,1,0,0,0,1,0,1,0,2,0,0,2,0,0,0,2,0,1,0,2,0,8,2,2.0,0,0,10,3,9,6.723333333333334,6.77,1.0,0.5,1,Win,1.0,0.5
Kairat Almaty,Real Madrid,1,0,5,0,0,4,1,11,4,6,1,0,0,0,1,5,20,12,6,2,0,0,0,5,2,0,0,0,0,27,0,3,1,5,16,7,3,4,1,0,1,62,1,6,0,27,25,26,14,38,77,248,323,78,149,21,54,61,57,9,17,13,5,18,2,11,170,62,89,552,618,188,330,34,97,150,150,6,58,56,20,27,4,15,176,40,1,1,22,15,7,20,27,44,2,0,16,12,4,8,11,5,0,0,7,0,0,0,2,1,1,0,0,0,1,4,0,0,0,1,1,0,0,2,0,6,2,3.0,0,0,9,1,3,6.723333333333334,6.77,0.0,0.4166666666666667,-5,Loss,0.0,2.5
Inter,Slavia Praha,1,3,0,3,0,0,0,21,6,8,7,0,0,0,2,2,3,1,1,1,0,0,0,1,1,2,0,0,0,75,0,5,0,22,17,14,8,0,0,0,0,26,0,0,0,15,2,3,1,57,91,515,569,98,371,46,95,147,144,17,55,41,14,75,9,12,172,43,86,362,422,77,242,43,83,81,90,13,30,15,4,14,1,7,172,39,1,0,15,4,11,12,14,37,7,0,19,1,18,11,14,0,0,1,1,0,0,0,1,1,0,1,3,0,0,3,0,0,0,1,1,0,1,2,0,13,2,2.0,1,0,17,2,6,6.723333333333334,6.77,0.5,0.0,3,Win,3.0,0.0
Chelsea,Benfica,1,1,0,0,0,0,0,8,3,4,1,0,0,0,0,3,9,3,3,3,0,0,0,0,1,1,0,0,0,43,0,3,1,16,7,10,9,0,0,0,0,32,0,5,2,16,11,10,5,55,89,462,517,94,306,62,100,114,120,15,52,24,9,19,3,16,179,45,84,346,411,80,236,30,75,82,89,14,26,10,9,27,4,15,182,42,3,0,29,7,22,17,21,38,1,0,22,4,18,13,16,0,0,1,3,0,0,0,2,0,2,0,1,1,0,3,0,0,0,2,0,2,1,4,1,13,1,6.0,6,0,14,3,7,6.723333333333334,6.77,0.3333333333333333,0.0,1,Win,3.0,0.0
Atleti,Frankfurt,1,5,1,5,0,1,0,18,12,4,2,0,0,0,1,2,6,2,1,3,0,0,0,0,1,3,1,0,0,45,0,5,2,17,13,9,10,1,0,0,0,33,0,2,0,15,11,7,6,52,92,548,598,184,310,54,110,143,123,5,43,32,13,39,7,18,165,48,87,481,552,161,276,44,130,102,121,13,39,22,4,0,0,13,170,37,3,0,16,9,7,16,22,33,2,1,10,1,9,16,19,1,0,0,1,0,0,0,0,0,0,0,5,0,0,7,0,0,0,1,0,1,0,1,0,11,0,2.0,1,0,6,2,4,6.723333333333334,6.77,0.4166666666666667,0.5,4,Win,4.0,0.5
Bodo,Tottenham,1,2,2,2,0,1,0,17,4,6,7,1,1,0,1,1,8,3,3,2,1,0,1,0,1,2,0,1,1,52,1,4,3,15,18,16,7,2,0,0,0,38,0,5,2,13,16,11,4,51,88,444,502,98,309,37,90,115,123,8,50,34,14,44,8,18,159,49,88,385,437,93,253,39,102,91,102,14,30,21,8,17,4,24,161,39,2,0,16,8,8,19,20,38,7,1,13,6,7,20,20,2,1,0,2,0,0,0,1,0,0,0,2,0,0,2,0,0,0,0,0,0,0,2,0,11,4,6.0,2,0,7,2,5,6.723333333333334,6.77,0.5,0.6666666666666666,0,Draw,2.0,1.0
Marseille,Ajax,1,4,0,2,2,0,0,8,6,1,1,0,0,0,2,1,13,2,5,6,0,0,0,1,1,4,0,0,0,18,0,0,0,7,14,10,3,0,0,0,0,42,1,7,2,3,19,15,6,48,85,424,497,89,311,24,103,124,100,14,12,8,5,0,0,3,150,52,87,462,532,103,329,30,94,134,118,18,37,27,8,20,2,10,149,29,6,0,16,4,12,13,14,42,1,0,13,5,8,4,6,0,0,1,2,0,0,0,4,1,3,0,4,0,0,2,0,0,0,0,0,0,0,2,0,18,7,12.0,3,0,12,0,1,6.723333333333334,6.77,0.6666666666666666,0.0,4,Win,4.0,0.5
Galatasaray,Liverpool,1,1,0,1,0,0,0,9,4,3,2,0,0,0,2,2,16,3,5,8,0,0,0,0,1,0,1,0,1,22,1,3,2,5,6,4,6,0,0,0,0,55,0,7,1,19,4,9,8,38,72,192,265,50,117,25,45,49,39,14,21,8,5,0,0,6,189,62,90,488,545,81,360,47,87,130,120,14,46,33,15,29,8,28,193,44,8,0,21,11,10,22,30,32,2,1,7,4,3,13,20,0,0,1,3,0,0,0,0,0,0,2,1,0,0,3,0,0,0,2,1,1,0,5,0,12,4,7.0,3,0,14,4,7,6.723333333333334,6.77,0.25,0.0,1,Win,2.0,2.5
Pafos,Bayern Munchen,1,1,5,0,1,5,0,6,2,3,1,0,0,0,1,2,26,15,7,4,1,0,1,2,2,0,0,0,0,24,0,2,0,8,5,4,4,4,0,0,0,61,3,6,0,10,15,22,18,39,79,279,355,92,154,33,68,70,60,9,17,6,4,14,1,7,164,61,91,640,702,223,382,35,136,167,160,11,55,46,24,8,1,13,162,32,5,0,9,3,6,31,32,41,0,0,2,1,1,10,10,5,0,0,10,0,0,0,2,1,1,1,1,0,0,1,0,0,0,1,1,0,0,1,0,11,2,6.0,0,0,9,0,0,6.723333333333334,6.77,0.5,0.3333333333333333,-4,Loss,1.0,3.5
Union SG,Newcastle,1,0,4,0,0,4,0,17,6,7,4,0,0,0,5,2,13,6,5,2,0,0,0,0,2,0,0,0,0,35,0,7,1,11,8,9,5,2,2,0,1,36,0,5,0,23,15,14,5,46,81,331,407,81,208,42,69,82,76,8,32,29,9,36,5,14,187,54,85,432,506,112,291,29,62,106,120,14,35,22,11,26,5,19,188,54,2,2,23,6,17,19,23,57,4,0,17,13,4,9,14,4,0,0,2,0,0,0,1,1,0,3,0,0,1,6,0,0,0,1,0,1,0,4,0,15,3,4.649122807017544,1,0,8,1,3,6.723333333333334,6.77,0.0,0.6666666666666666,-4,Loss,0.0,4.0
Arsenal,Olympiacos,1,2,0,2,0,0,0,16,4,6,6,0,0,0,0,0,11,3,2,6,0,0,0,0,0,2,0,0,0,47,2,3,2,11,11,11,7,0,0,0,0,32,0,5,4,16,8,4,1,58,83,420,503,74,296,50,84,101,98,20,40,24,20,25,5,20,184,42,73,225,307,38,148,39,38,57,53,17,36,21,13,38,8,21,187,27,6,0,8,1,7,21,23,36,6,0,13,5,8,27,29,0,0,1,3,0,0,0,2,1,1,0,2,0,0,2,0,0,0,5,2,3,1,3,0,14,1,5.0,2,0,17,4,5,6.723333333333334,6.77,0.5,0.0,2,Win,3.0,0.5
Leverkursen,PSV,1,1,1,1,0,1,0,14,4,6,4,1,0,1,0,1,5,1,3,1,0,0,0,0,2,0,0,0,0,52,0,7,2,16,12,10,7,1,0,0,0,51,0,4,2,11,13,19,4,44,89,455,509,106,310,39,109,103,101,12,50,34,12,27,4,15,154,56,89,510,572,90,374,46,109,142,118,10,59,44,9,16,3,19,155,35,1,0,19,9,10,17,18,29,4,0,23,4,19,14,15,1,0,0,0,0,0,0,2,2,0,0,1,0,0,3,0,0,0,5,1,4,0,0,0,8,1,4.0,2,0,10,2,4,6.723333333333334,6.77,0.25,1.0,0,Draw,1.5,1.0
Villareal,Juventus,1,2,2,2,0,2,0,17,6,5,6,0,0,0,0,2,13,4,5,4,1,1,0,0,2,2,0,0,0,40,0,4,1,15,9,12,7,1,0,0,0,47,1,3,1,21,8,4,7,47,80,312,389,67,207,38,71,86,75,19,24,17,16,46,6,13,195,53,87,416,477,100,270,46,87,112,98,8,41,29,11,27,4,15,185,39,4,0,24,9,15,17,24,40,6,0,16,5,11,14,16,2,0,0,2,0,0,0,2,0,2,1,2,0,0,4,0,0,0,3,1,2,0,1,0,7,2,4.649122807017544,3,0,19,4,5,6.723333333333334,6.77,0.3333333333333333,0.5,0,Draw,1.0,1.0
Napoli,Sporting CP,1,2,1,2,0,1,0,12,3,5,4,0,0,0,0,4,8,4,1,3,0,0,0,2,0,2,0,0,0,34,0,7,1,15,8,6,5,0,1,0,1,40,1,2,0,25,14,18,1,52,92,475,515,122,310,43,97,131,113,8,35,25,9,21,3,14,151,48,90,447,498,114,295,38,80,121,147,16,28,12,8,30,3,10,149,37,3,1,17,8,9,16,18,32,4,0,14,8,6,16,17,1,0,0,3,0,0,0,3,1,2,0,2,0,0,1,0,0,0,3,1,2,0,0,0,16,2,4.0,0,0,9,1,3,6.723333333333334,6.77,0.6666666666666666,0.25,1,Win,1.0,1.0
Monaco,Man City,1,2,2,1,1,2,0,9,4,3,2,0,0,0,1,1,18,6,8,4,2,2,0,2,3,1,1,0,1,33,0,7,0,23,9,8,4,2,0,0,0,72,0,3,3,19,34,28,13,33,83,250,302,55,163,32,56,52,68,14,23,12,11,21,3,14,150,67,94,733,783,230,484,19,126,205,226,9,76,69,15,18,2,11,148,30,4,0,20,9,11,14,21,29,2,1,13,5,8,10,13,2,0,0,4,0,0,0,1,1,0,0,2,0,0,2,0,0,0,1,1,0,1,1,1,9,2,3.0,5,1,13,2,5,6.723333333333334,6.77,0.5,0.3333333333333333,0,Draw,1.0,2.0
BDortmund,Athletic Club,1,4,1,4,0,1,0,13,8,3,2,0,0,0,2,2,7,3,3,1,0,0,0,2,0,4,0,0,0,33,0,4,3,15,10,9,6,0,0,0,0,13,0,0,3,15,17,7,2,52,88,476,539,137,296,43,105,128,116,17,30,15,13,21,3,14,191,48,86,416,484,125,258,33,88,121,98,17,31,19,10,25,4,16,189,49,1,0,15,6,9,11,17,45,2,0,28,8,20,14,22,1,0,0,2,0,0,0,4,1,3,0,4,0,0,4,0,0,0,1,1,0,0,1,0,14,2,6.0,2,0,15,2,5,6.723333333333334,6.77,0.5,0.3333333333333333,3,Win,4.0,1.0
Barcelona,Paris,1,1,2,1,0,2,0,12,1,5,6,0,0,0,0,3,15,7,4,4,1,0,1,2,1,1,0,0,0,32,2,4,0,28,10,10,8,2,0,0,0,52,0,9,2,25,15,16,11,46,88,360,410,69,262,29,80,93,91,16,25,18,9,17,1,6,170,54,87,417,477,67,314,36,102,106,98,11,38,30,15,19,3,16,170,31,4,0,15,6,9,15,17,39,6,0,18,4,14,4,6,2,0,0,5,1,0,0,0,0,0,0,1,0,0,0,0,0,0,0,0,0,0,4,0,12,3,5.0,2,0,14,3,6,6.723333333333334,6.77,1.0,0.2857142857142857,-1,Loss,3.5,4.5
Barcelona,Olympiacos,1,6,1,5,1,1,0,15,7,6,2,0,0,0,1,1,4,2,1,1,0,0,0,1,0,4,1,0,1,46,0,7,2,31,13,8,12,0,1,0,0,30,0,2,1,7,5,5,1,69,91,604,667,156,405,43,141,149,146,10,45,32,15,29,4,14,187,31,71,178,249,41,114,23,44,38,44,8,22,14,4,18,3,17,183,34,1,0,15,7,8,14,19,37,2,1,26,12,14,19,22,1,0,0,1,0,0,0,2,2,0,0,6,0,0,1,0,0,0,2,2,0,0,1,0,7,2,5.0,4,1,10,2,5,6.723333333333334,6.77,0.8571428571428571,0.5,5,Win,3.5,0.5
Kairat Almaty,Pafos,1,0,0,0,0,0,0,22,2,13,7,1,0,1,1,7,9,5,2,2,0,0,0,0,1,0,0,0,0,72,0,6,1,12,29,29,3,0,0,0,0,18,3,4,3,8,2,3,1,62,88,497,565,81,381,35,81,153,133,12,83,65,14,14,3,22,195,38,72,179,249,31,124,24,36,50,38,12,16,6,6,67,4,6,196,29,2,0,18,11,7,6,6,38,7,0,14,9,5,26,35,0,0,1,5,0,0,0,0,0,0,0,0,0,1,2,0,0,0,2,1,1,1,3,0,11,3,6.0,2,1,9,1,6,6.723333333333334,6.77,0.0,0.0,0,Draw,0.0,0.0
Arsenal,Atleti,1,4,0,4,0,0,0,18,8,6,4,0,0,0,1,1,12,1,6,5,1,1,0,0,3,4,0,0,0,51,0,3,2,31,11,10,3,0,0,0,0,36,0,4,0,17,10,14,8,53,91,388,428,54,300,34,59,100,112,10,46,31,19,25,4,16,160,47,86,337,394,79,223,35,76,76,75,16,25,15,10,14,2,14,164,32,5,0,13,5,8,14,17,36,4,0,24,8,16,20,24,0,0,1,1,0,0,0,4,2,2,0,4,0,0,4,0,0,0,1,0,1,0,1,0,14,3,5.0,2,0,10,4,7,6.723333333333334,6.77,0.5,0.0,4,Win,3.0,1.0
Leverkursen,Paris,1,2,7,1,1,5,2,6,3,3,0,1,0,1,1,0,24,8,5,11,1,0,1,2,4,1,1,1,1,18,1,3,3,10,7,6,1,5,0,0,0,62,1,4,0,15,21,21,5,34,86,280,324,76,181,23,64,71,61,4,13,6,5,100,1,1,124,66,94,733,777,192,496,45,141,205,212,11,60,46,24,40,2,5,119,31,11,0,17,8,9,6,9,36,0,2,15,10,5,7,7,7,0,0,1,0,0,0,2,0,2,0,2,0,0,1,0,0,0,0,0,0,0,2,1,8,3,7.0,1,1,6,3,3,6.723333333333334,6.77,0.6666666666666666,0.875,-5,Loss,1.5,4.5
Villareal,Man City,1,0,2,0,0,2,0,11,2,7,2,1,0,1,1,2,11,7,3,1,0,0,0,2,1,0,0,0,0,32,0,1,0,8,6,4,5,2,0,0,0,46,0,3,0,23,10,12,8,37,85,291,343,74,179,38,60,79,74,15,24,16,9,29,5,17,145,63,94,629,672,191,396,42,120,175,183,17,42,35,11,33,4,12,150,25,1,0,19,5,14,12,14,34,2,0,15,7,8,13,16,2,0,0,5,0,0,0,0,0,0,0,0,0,1,3,0,0,0,0,0,0,0,5,0,17,3,6.0,2,0,15,0,2,6.723333333333334,6.77,0.0,0.2857142857142857,-2,Loss,1.0,2.0
PSV,Napoli,1,6,2,2,3,2,0,19,8,7,4,1,0,1,4,4,10,2,6,2,0,0,0,0,3,6,0,0,0,53,1,4,2,9,18,15,3,2,0,0,0,34,0,8,1,14,7,5,4,56,89,467,527,80,354,35,102,129,126,10,43,43,12,25,4,16,163,44,83,300,362,57,213,31,57,88,76,13,35,18,11,27,6,22,161,32,2,0,18,5,13,19,23,22,4,0,10,4,6,13,14,2,0,0,0,0,0,0,0,0,0,2,6,1,0,3,0,0,0,0,0,0,0,4,0,11,1,6.0,1,1,9,0,3,6.723333333333334,6.77,0.75,1.0,4,Win,3.5,1.0
Copengagen,BDortmund,1,2,4,1,0,2,2,11,4,3,4,0,0,0,1,2,9,5,2,2,0,0,0,3,0,1,0,0,0,26,0,4,0,9,8,10,6,2,1,0,1,55,0,7,0,8,23,24,4,39,80,284,354,60,200,24,53,59,79,7,23,19,6,14,1,7,189,61,85,533,624,94,411,28,120,139,156,9,42,30,11,5,1,19,186,51,2,1,19,8,11,26,30,46,4,0,8,4,4,7,9,4,0,0,1,0,0,0,0,0,0,2,2,1,0,3,0,0,0,0,0,0,0,3,0,10,3,3.0,1,0,7,3,3,6.723333333333334,6.77,0.5,0.8,-2,Loss,2.0,4.0
Union SG,Inter,1,0,4,0,0,4,0,15,5,4,6,0,0,0,1,1,20,7,9,4,0,0,0,1,2,0,0,0,0,25,0,3,4,15,7,6,3,3,1,0,0,57,2,4,0,9,15,13,3,33,83,243,293,57,162,24,55,54,55,6,22,12,9,40,4,10,164,67,92,629,680,157,418,54,109,193,155,17,44,29,22,29,8,28,167,39,4,1,18,11,7,22,25,33,6,0,11,3,8,10,13,4,0,0,3,0,0,0,3,1,2,0,0,0,1,5,0,0,0,1,1,0,0,1,0,15,3,6.0,1,0,6,1,4,6.723333333333334,6.77,0.0,0.5714285714285714,-4,Loss,0.0,3.0
Newcastle,Benfica,1,3,0,3,0,0,0,20,10,5,5,0,0,0,3,2,7,2,3,2,1,0,1,1,2,3,0,0,0,51,1,12,2,20,11,6,9,0,0,0,0,33,0,8,1,14,5,3,6,51,88,370,422,98,238,34,66,90,100,8,36,29,16,32,7,22,181,49,83,316,382,118,164,34,64,71,90,18,26,12,2,6,1,17,186,45,2,0,13,5,8,15,17,33,4,0,10,3,7,16,18,0,0,1,2,0,0,0,2,2,0,3,3,0,0,7,0,0,0,1,1,0,1,1,0,16,2,5.0,2,0,7,2,4,6.723333333333334,6.77,0.3,0.0,3,Win,2.0,0.0
Galatasaray,Bodo,1,3,1,3,0,1,0,23,11,8,4,0,0,0,0,3,8,2,4,2,0,0,0,1,1,1,0,0,0,39,1,7,3,13,15,6,5,1,0,0,0,51,0,4,1,18,11,16,6,44,86,316,367,62,211,43,52,81,85,8,25,17,16,55,11,20,183,56,90,531,591,180,321,30,89,149,136,13,37,29,19,12,2,17,186,33,2,0,19,7,12,17,19,38,4,0,10,3,7,15,19,1,0,0,1,0,0,0,1,1,0,0,3,0,0,8,0,0,0,2,2,0,0,1,0,10,2,6.0,1,0,7,0,3,6.723333333333334,6.77,0.2727272727272727,0.5,2,Win,2.0,1.5
Athletic Club,Qarabag,1,3,1,0,3,1,0,21,5,8,8,0,0,0,3,0,9,3,1,5,0,0,0,0,1,3,0,0,0,66,2,8,1,17,17,15,12,0,0,0,0,29,0,3,0,18,10,13,5,58,87,421,483,70,314,37,81,118,94,5,57,37,17,25,6,24,205,42,78,250,321,58,168,24,54,63,61,15,20,16,9,22,2,9,213,52,5,0,22,9,13,10,15,63,8,0,15,7,8,16,29,1,0,0,2,0,0,0,2,1,1,1,3,0,0,2,0,0,0,0,0,0,0,0,0,14,0,1.0,0,0,5,0,0,6.723333333333334,6.77,0.6,0.3333333333333333,2,Win,1.5,2.0
Chelsea,Ajax,1,5,1,4,1,1,0,22,9,4,9,0,0,0,2,1,2,1,0,1,0,0,0,0,0,2,2,0,2,78,0,11,3,17,23,31,11,0,1,0,1,11,0,0,1,10,5,3,3,60,93,554,595,121,410,23,86,168,167,5,92,58,14,29,7,24,155,40,77,250,324,54,174,22,64,62,60,17,8,4,1,0,0,2,161,29,1,1,15,8,7,5,5,24,9,2,18,8,10,17,21,1,0,0,0,0,0,0,0,0,0,0,5,0,0,4,0,0,0,1,1,0,0,2,0,15,4,7.0,2,1,6,3,4,6.723333333333334,6.77,0.5555555555555556,1.0,4,Win,3.0,0.5
Atlanta,Slavia Praha,1,0,0,0,0,0,0,22,5,8,9,0,0,0,2,4,16,4,8,4,0,0,0,1,3,0,0,0,0,54,1,6,5,22,9,6,14,0,0,0,0,50,0,3,3,8,8,10,4,57,77,323,420,71,202,50,68,86,70,18,38,31,11,31,5,16,237,43,74,248,333,87,124,37,54,44,46,13,40,18,8,12,2,17,232,49,4,0,8,5,3,15,25,49,9,0,21,6,15,22,30,0,0,1,4,1,0,0,3,1,2,0,0,0,1,5,0,0,0,2,1,1,0,3,0,8,1,4.0,2,0,15,2,5,6.723333333333334,6.77,0.0,0.0,0,Draw,1.0,0.0
Frankfurt,Liverpool,1,1,5,1,0,4,1,4,1,2,1,0,0,0,0,1,18,14,3,1,0,0,0,2,1,1,0,0,0,29,0,2,1,4,10,7,1,5,0,0,0,74,1,10,3,14,16,17,5,37,84,328,392,79,223,26,82,66,74,8,28,18,6,0,0,5,146,63,92,655,713,124,484,47,142,190,144,5,93,56,24,26,5,19,149,30,1,0,12,6,6,24,26,30,1,0,7,2,5,13,13,5,0,0,9,1,0,0,5,1,4,1,1,0,0,0,0,0,0,3,0,3,0,2,0,4,2,3.0,0,0,5,1,1,6.723333333333334,6.77,1.0,0.35714285714285715,-4,Loss,3.0,2.5
Sporting CP,Marseille,1,2,1,2,0,0,1,14,7,5,2,0,0,0,1,3,10,3,4,3,0,0,0,2,3,2,0,0,0,45,0,3,2,14,18,12,10,1,0,0,0,24,0,1,0,8,8,9,7,50,85,413,484,119,263,31,57,120,123,17,38,25,8,8,1,12,163,50,86,372,435,121,225,26,63,105,97,13,23,13,5,0,0,7,164,40,3,0,10,3,7,7,8,46,2,0,13,5,8,17,23,1,0,0,2,0,0,0,1,1,0,0,2,0,0,5,0,0,0,4,3,1,0,3,0,11,0,2.0,5,1,17,2,7,6.723333333333334,6.77,0.2857142857142857,0.3333333333333333,1,Win,3.0,1.0
Monaco,Tottenham,1,0,0,0,0,0,0,23,8,8,7,0,0,0,0,1,11,1,6,4,0,0,0,0,3,0,0,0,0,53,3,5,1,9,10,11,3,0,0,0,0,39,0,4,1,16,12,14,7,50,86,396,461,105,255,36,66,111,83,13,50,38,28,28,5,18,192,50,83,290,349,82,182,26,60,72,79,14,24,14,11,30,7,23,194,43,4,0,15,6,9,15,17,40,7,0,20,13,7,21,24,0,0,1,1,0,0,0,1,1,0,1,0,0,1,9,0,0,0,1,1,0,0,0,0,13,1,5.0,1,0,12,1,3,6.723333333333334,6.77,0.0,0.0,0,Draw,1.0,1.0
Real Madrid,Juventus,1,1,0,1,0,0,0,27,9,6,12,1,0,1,3,0,12,6,1,5,0,0,0,5,1,1,0,0,0,82,0,13,1,16,15,21,12,0,0,0,0,32,1,7,2,13,7,8,6,62,91,558,614,161,353,44,98,170,147,21,77,66,19,32,6,19,190,38,84,270,322,94,151,25,55,74,65,10,23,16,5,6,1,18,186,27,5,0,23,9,14,11,16,29,12,0,15,4,11,14,18,0,0,1,6,0,0,0,2,1,0,0,1,0,0,8,0,0,0,1,0,0,0,1,0,10,0,1.0,0,0,18,2,8,6.723333333333334,6.77,0.1111111111111111,0.0,1,Win,1.5,1.0
Bayern Munchen,Club Brugge,1,4,0,3,1,0,0,27,11,7,9,1,0,1,4,2,5,2,2,1,0,0,0,1,0,2,0,0,0,81,3,9,1,20,15,23,21,0,0,0,0,27,0,1,0,16,7,4,1,59,92,680,737,171,461,48,134,176,185,3,74,60,18,6,1,16,157,41,88,367,419,75,252,40,85,82,82,15,33,20,5,43,3,7,160,38,1,0,15,5,10,9,9,27,9,0,15,6,9,23,26,0,0,1,2,0,0,0,0,0,0,0,4,0,0,7,0,0,0,3,2,1,0,1,0,14,2,6.0,0,0,3,0,0,6.723333333333334,6.77,0.36363636363636365,0.0,4,Win,3.5,0.5
Napoli,Frankfurt,1,0,0,0,0,0,0,18,2,8,8,0,0,0,0,3,7,3,2,2,0,0,0,2,0,0,0,0,0,69,0,5,1,22,19,17,4,0,0,0,0,28,0,3,0,7,11,9,5,61,90,611,682,201,363,47,138,122,158,10,73,35,11,24,6,25,189,39,81,318,395,103,186,29,90,58,73,12,35,21,6,22,2,9,190,40,2,0,10,5,5,12,17,47,8,0,22,8,14,23,30,0,0,1,3,0,0,0,1,0,1,1,0,0,1,2,0,0,0,2,1,1,2,3,0,12,0,4.0,2,0,10,1,2,6.723333333333334,6.77,0.0,0.0,0,Draw,1.0,0.5
Slavia Praha,Arsenal,1,0,3,0,0,3,0,10,1,5,4,0,0,0,1,1,13,7,2,4,0,0,0,1,1,0,0,0,0,35,0,4,5,4,5,2,3,2,1,0,0,42,0,7,0,11,5,7,5,40,75,191,253,62,103,26,39,43,45,12,20,11,6,24,4,17,188,60,80,275,342,72,179,24,50,78,69,28,29,24,11,16,3,19,200,36,4,1,22,7,15,17,29,33,4,0,9,1,8,13,21,3,0,0,5,0,0,0,0,0,0,1,0,0,1,1,0,0,0,1,1,0,0,3,0,24,4,11.0,4,0,12,3,6,6.723333333333334,6.77,0.0,0.42857142857142855,-3,Loss,1.0,2.5
Paris,Bayern Munchen,1,1,2,1,0,2,0,25,9,11,5,0,0,0,4,5,9,5,3,1,1,0,1,0,2,1,0,0,0,76,0,9,3,15,26,26,10,1,0,0,0,27,0,1,3,14,6,7,3,64,94,670,716,106,512,52,132,201,203,12,66,65,14,25,9,36,179,36,80,246,309,46,173,27,51,71,60,10,27,21,6,0,0,1,177,38,1,0,13,7,6,5,7,43,5,0,20,13,7,21,29,2,0,0,3,0,0,0,1,1,0,0,1,0,0,8,0,0,0,4,2,2,0,1,0,7,1,2.0,3,1,9,1,1,6.723333333333334,6.77,0.1111111111111111,0.4,-1,Loss,2.5,3.5
Liverpool,Real Madrid,1,1,0,1,0,0,0,17,9,3,5,0,0,0,4,1,8,2,4,2,0,0,0,1,2,1,0,0,0,41,2,4,2,29,12,13,7,0,0,0,0,48,0,2,0,26,17,11,10,41,80,270,339,95,154,21,60,55,66,11,28,23,12,40,4,10,178,59,88,467,533,135,304,28,93,118,121,18,44,41,6,0,0,9,185,43,2,0,18,5,13,9,10,34,5,0,33,13,20,20,27,0,0,1,2,0,0,0,1,0,1,0,1,0,0,8,1,0,0,4,1,3,0,1,0,16,1,3.0,5,0,11,5,8,6.723333333333334,6.77,0.1111111111111111,0.0,1,Win,2.0,2.5
Atleti,Union SG,1,3,1,3,0,1,0,15,6,5,4,0,0,0,1,0,8,3,4,1,0,0,0,0,1,2,0,0,0,46,1,9,1,20,13,7,3,1,0,0,0,27,0,1,1,17,4,4,2,62,91,585,643,122,401,62,94,169,169,13,64,30,18,38,10,26,153,38,82,267,325,78,155,34,47,73,70,11,23,12,7,27,3,11,154,34,1,0,7,2,5,14,16,37,4,0,16,6,10,24,24,1,0,0,2,0,0,0,4,4,0,0,3,0,0,3,0,0,0,3,2,1,1,1,0,10,2,4.0,3,0,13,4,8,6.723333333333334,6.77,0.5,0.3333333333333333,2,Win,4.0,2.0
Juventus,Sporting CP,1,1,1,1,0,1,0,18,9,5,4,0,0,0,4,4,5,2,1,2,0,0,0,0,1,1,0,0,0,58,0,6,0,9,18,16,6,1,0,0,0,28,0,0,1,10,12,10,4,47,88,453,512,87,328,38,83,125,117,15,45,43,15,35,8,23,165,53,88,472,534,97,353,22,85,123,125,15,41,35,4,0,0,2,165,43,2,0,22,7,15,5,6,26,4,0,11,5,6,11,19,1,0,0,1,0,0,0,2,0,2,1,1,0,0,8,0,0,0,3,1,2,0,2,0,15,2,6.0,3,0,14,3,5,6.723333333333334,6.77,0.1111111111111111,0.5,0,Draw,2.5,1.0
