fecha_prediccion,fecha_partido,fase,equipo1,equipo2,partido_id_nuevo,elo_e1,elo_e2,diff_elo,forma_e1_w,forma_e1_d,forma_e1_l,forma_e1_gf,forma_e1_gc,forma_e1_pts,forma_e2_w,forma_e2_d,forma_e2_l,forma_e2_gf,forma_e2_gc,forma_e2_pts,h2h_n,h2h_w,h2h_d,h2h_l,h2h_gf,h2h_gc,rf_pred,rf_win,rf_draw,rf_loss,gb_pred,gb_win,gb_draw,gb_loss,lr_pred,lr_win,lr_draw,lr_loss,svm_pred,svm_win,svm_draw,svm_loss,xgb_pred,xgb_win,xgb_draw,xgb_loss,knn_pred,knn_win,knn_draw,knn_loss,consenso_pred,consenso_win,consenso_draw,consenso_loss,rf_goles_g1,rf_goles_g2,rf_goles_std1,rf_goles_std2,xgb_goles_g1,xgb_goles_g2,xgb_goles_std1,xgb_goles_std2,g1_real,g2_real,resultado_real_e1,acierto_consenso,n_runs,n_partidos_dataset
2026-05-13 22:23:29,2025-12-10,Liga,BDortmund,Bodo,,1542.434927433455,1446.8653933243784,95.5695341090766,3,1,1,17,11,10,0,2,3,7,11,2,0,0,0,0,0,0,Win,0.6932463884893745,0.1413795712109219,0.1653740402997038,Win,0.9997861450855692,9.055444604414518e-05,0.0001233004683864,Win,0.989181131393098,0.0070906270554436,0.0037282415514582,Win,0.8886194037948221,0.0633424058991596,0.0480381903060182,Win,0.9897079467773438,0.0064416988752782,0.0038503534160554,Win,1.0,0.0,0.0,Win,0.926756835923368,0.0363908095811412,0.0368523543402703,4,0,0.0807759246310433,0.060520657630267,3,0,2.384185791015625e-07,2.9802322387695312e-08,2.0,2.0,Draw,False,20,99
2026-05-13 22:25:00,2025-12-10,Liga,Leverkursen,Newcastle,,1516.0282705184968,1536.0592983742638,-20.03102785576698,2,2,1,8,10,8,3,0,2,11,4,9,0,0,0,0,0,0,Loss,0.1699987995904364,0.1499067094075329,0.6800944910020303,Loss,0.0018990207492077,0.0004174311356482,0.997683548115144,Loss,0.0375686734806116,0.0381544586647043,0.9242768678546844,Loss,0.071406782163823,0.104749876573894,0.8238433412622829,Loss,0.0166979096829891,0.0063275485299527,0.9769744873046876,Draw,0.1953687233110902,0.4087225017413346,0.395908774947575,Loss,0.0821566514963597,0.1180464210088445,0.7997969184144006,0,1,0.0276541136180496,0.0712460525222275,0,2,1.4901161193847656e-08,0.0,2.0,2.0,Draw,False,20,99
2026-05-13 22:26:31,2025-12-10,Liga,Benfica,Napoli,,1459.3413202639897,1486.0611098701188,-26.719789606129098,1,0,4,4,8,3,2,2,1,6,7,8,0,0,0,0,0,0,Draw,0.321735296043652,0.4351163370269993,0.2431483669293486,Draw,0.0367163157826313,0.7332025108493766,0.230081173367992,Win,0.4784166997676126,0.4362892179830472,0.0852940822493399,Win,0.5759561112165389,0.3331087728232959,0.0909351159601653,Draw,0.1052285283803939,0.6606683135032654,0.2341031730175018,Win,0.5602160059499272,0.1871901350142577,0.2525938590358149,Draw,0.3463781595234593,0.464262547866707,0.1893592950933604,0,1,0.0371853465763061,0.0407277546643563,0,1,2.9802322387695312e-08,1.1920928955078125e-07,2.0,0.0,Win,False,20,99
2026-05-13 22:28:02,2025-12-10,Liga,Villareal,Copengagen,,1431.8590690324752,1464.7046984995002,-32.84562946702499,0,1,4,2,10,1,1,1,2,7,12,4,0,0,0,0,0,0,Win,0.4568015152570289,0.3851784876702603,0.1580199970727109,Win,0.9924409661941148,0.0056739781626874,0.0018850556431976,Win,0.7174297238049623,0.2669306414711859,0.0156396347238514,Win,0.4556956632995479,0.4489668289696992,0.0953375077307528,Win,0.9028790593147278,0.0901625230908393,0.006958276964724,Win,0.803458790045642,0.0,0.1965412099543578,Win,0.7214509529860039,0.199485409894112,0.0790636136815991,2,0,0.0659469483751901,0.0341906419945575,1,0,1.1920928955078125e-07,7.450580596923828e-09,2.0,3.0,Loss,False,20,99
2026-05-13 22:29:38,2025-12-10,Liga,Juventus,Pafos,,1504.2489102643135,1482.6340173092203,21.61489295509341,1,3,1,10,10,6,1,3,1,4,7,6,0,0,0,0,0,0,Win,0.7128770898178136,0.207991365462643,0.0791315447195436,Win,0.904486282677943,0.0951308947700909,0.000382822551966,Win,0.8361257408123832,0.1569617786714645,0.0069124805161522,Win,0.8723178416880255,0.099296151980459,0.0283860063315153,Win,0.7910459637641907,0.2012079209089279,0.0077461362816393,Win,0.8044963386960757,0.1955036613039241,0.0,Win,0.8202248762427388,0.1593486288495849,0.020426498400136,2,0,0.0733808558140336,0.023895606290697,2,0,0.0,0.0,2.0,0.0,Win,True,20,99
2026-05-13 22:31:08,2025-12-10,Liga,Club Brugge,Arsenal,,1467.2978906736355,1607.0328526772898,-139.73496200365437,1,1,3,8,13,4,5,0,0,14,1,15,0,0,0,0,0,0,Win,0.3554745024139188,0.294863415884978,0.3496620817011032,Win,0.8834661955191556,0.0477665927546126,0.0687672117262315,Win,0.3924140283563026,0.3464159827727722,0.2611699888709251,Win,0.4204876409146889,0.2572393042949896,0.3222730547903213,Win,0.4188612997531891,0.2595803141593933,0.3215584754943847,Draw,0.1983711518047917,0.4055265708998011,0.396102277295407,Win,0.4448458031270078,0.2685653634610911,0.2865888483130621,3,3,0.0766469177462473,0.0815153359804153,3,2,4.76837158203125e-07,2.384185791015625e-07,0.0,3.0,Loss,False,20,99
2026-05-13 22:32:40,2025-12-10,Liga,Qarabag,Ajax,,1472.6681223782632,1382.4439469930674,90.22417538519584,1,1,2,6,9,4,0,0,5,1,16,0,0,0,0,0,0,0,Win,0.4731147093639106,0.3820211183074189,0.1448641723286705,Win,0.985159964342584,0.0145001035592474,0.0003399320981685,Win,0.6009605590793881,0.373836517217481,0.0252029237031309,Win,0.5543129883907082,0.338177537396105,0.1075094742131866,Win,0.7290503978729248,0.2383248060941696,0.0326248966157436,Win,0.6107800245424785,0.2012348565894197,0.1879851188681015,Win,0.6588964405986657,0.2580158231939736,0.0830877529711669,2,0,0.055088565056643,0.0348711915483253,2,0,2.384185791015625e-07,7.450580596923828e-09,2.0,4.0,Loss,False,20,99
2026-05-13 22:34:09,2025-12-10,Liga,Athletic Club,Paris,,1464.0201120449915,1571.0387295524836,-107.01861750749208,1,1,3,4,9,4,4,0,1,19,8,12,0,0,0,0,0,0,Loss,0.1261390291916265,0.1672315165372188,0.7066294542711546,Loss,0.0016142295071825,0.0010269462897736,0.9973588242030436,Loss,0.0024625155234074,0.0129226832058665,0.9846148012707264,Loss,0.0418451955404817,0.0836775049950506,0.8744772994644675,Loss,0.0188851356506347,0.0173119027167558,0.9638029932975768,Loss,0.1871614703911884,0.0,0.8128385296088114,Loss,0.0630179293007535,0.0470284256241109,0.8899536503526301,2,3,0.0617170964968379,0.098044632693483,2,4,1.1920928955078125e-07,4.76837158203125e-07,0.0,0.0,Draw,False,20,99
2026-05-13 22:35:39,2025-12-10,Liga,Real Madrid,Man City,,1555.02108069052,1534.529384988402,20.491695702118022,4,0,1,12,5,12,3,1,1,10,5,10,0,0,0,0,0,0,Loss,0.2593527238087861,0.2270729808455947,0.513574295345619,Loss,0.2114105794546418,0.0066206794291809,0.7819687411161774,Draw,0.1405911056199595,0.431003389894088,0.4284055044859525,Win,0.384346522035291,0.2392600289356672,0.3763934490290415,Loss,0.3422112762928009,0.0336308665573596,0.6241578459739685,Win,1.0,0.0,0.0,Loss,0.3896520345352465,0.1562646576103151,0.4540833059917932,1,3,0.0662570750939098,0.1030485322554377,2,2,1.1920928955078125e-07,2.384185791015625e-07,1.0,2.0,Loss,True,20,99
2026-05-13 22:38:47,2026-01-20,Liga,Real Madrid,Monaco,,1536.6068412164395,1509.5247051018362,27.08213611460337,3,0,2,11,6,9,2,3,0,6,4,9,0,0,0,0,0,0,Win,0.5232229035181762,0.2305273304069273,0.2462497660748963,Win,0.9420661542208492,0.017897756073215,0.0400360897059357,Draw,0.3302380703657321,0.3413092595768823,0.3284526700573859,Win,0.6047885448524605,0.2559393806963108,0.1392720744512287,Loss,0.1038552746176719,0.0763144046068191,0.8198301196098328,Win,0.8000207577369827,0.1999792422630174,0.0,Win,0.5506986175519788,0.1869945622705286,0.2623067866498799,2,1,0.0560602354615104,0.0336154726279431,0,1,0.0,1.1920928955078125e-07,6.0,1.0,Win,True,20,108
2026-05-13 22:40:17,2026-01-20,Liga,Inter,Arsenal,,1546.3548334024165,1627.3621722102498,-81.00733880783332,3,0,2,10,4,9,5,0,0,15,1,15,0,0,0,0,0,0,Loss,0.3050955678244782,0.1178950092790305,0.5770094228964912,Loss,0.174480943467071,0.0017120833958985,0.8238069731370304,Loss,0.0202106517283136,0.1008829701139499,0.8789063781577366,Loss,0.1498306446123802,0.141414282348394,0.7087550730392256,Loss,0.4430418610572815,0.0099755069240927,0.5469827055931091,Win,0.7989106841641732,0.2010893158358269,0.0,Loss,0.3152617254756163,0.0954948613161988,0.5892434254705988,2,3,0.0543023940540378,0.0695341642647698,1,2,1.1920928955078125e-07,2.384185791015625e-07,1.0,3.0,Loss,True,20,108
2026-05-13 22:41:47,2026-01-20,Liga,Villareal,Ajax,,1415.6891018758029,1414.108384496605,1.5807173791981768,0,1,4,4,12,1,1,0,4,5,16,3,0,0,0,0,0,0,Win,0.3947284407252265,0.3353820105132348,0.2698895487615386,Win,0.5999146782997311,0.1717921703922355,0.2282931513080334,Draw,0.2850549274991518,0.4441320046218288,0.2708130678790194,Win,0.4148069225305885,0.3929005409385077,0.1922925365309037,Win,0.8110591173171997,0.0569628402590751,0.1319780647754669,Draw,0.1938607635359539,0.4047406609972961,0.40139857546675,Win,0.4499041416513086,0.3009850379536964,0.2491108241202853,2,1,0.0538423625038872,0.0534322000295702,1,1,1.1920928955078125e-07,0.0,1.0,2.0,Loss,False,20,108
2026-05-13 22:43:17,2026-01-20,Liga,Tottenham,BDortmund,,1535.0855162144678,1536.1340245174804,-1.048508303012568,2,2,1,12,7,8,3,1,1,15,9,10,0,0,0,0,0,0,Loss,0.3042929688867467,0.2655086988441427,0.4301983322691105,Loss,0.3664206073483929,0.0998846357378659,0.5336947569137412,Loss,0.2237056031830867,0.168540102067544,0.6077542947493692,Loss,0.3678833863959656,0.224927085361085,0.4071895282429493,Win,0.9304230809211732,0.0248988941311836,0.0446780286729335,Win,0.4072772979422632,0.2138431006231877,0.3788796014345494,Win,0.4333338241129381,0.1662670861275015,0.4003990903804422,2,3,0.1140789200509892,0.0665882872583459,1,1,1.1920928955078125e-07,1.1920928955078125e-07,2.0,0.0,Win,True,20,108
2026-05-13 22:44:47,2026-01-20,Liga,Sporting CP,Paris,,1523.7090235412195,1569.0210749769496,-45.31205143573016,2,1,2,8,7,7,3,1,1,15,8,10,0,0,0,0,0,0,Loss,0.362700255901511,0.1881330146726455,0.4491667294258435,Win,0.938830899022362,0.0481031915703508,0.0130659094072873,Loss,0.2645279309298954,0.1863313395916562,0.5491407294784485,Loss,0.3588509156554246,0.1924996481924296,0.4486494361521457,Win,0.8086956143379211,0.0305330194532871,0.1607715338468551,Win,0.451374268659624,0.1770821793330313,0.3715435520073447,Win,0.530829980751123,0.1371137321355668,0.3320563150529875,3,3,0.0711530041530222,0.0795864310042861,2,3,2.384185791015625e-07,0.0,2.0,1.0,Win,True,20,108
2026-05-13 22:46:17,2026-01-20,Liga,Olympiacos,Leverkursen,,1460.0784553254937,1514.3102434993066,-54.23178817381313,1,1,3,6,13,4,2,2,1,8,10,8,0,0,0,0,0,0,Draw,0.3190404381830931,0.4585392272364973,0.2224203345804096,Draw,0.0487913754622669,0.929067883842862,0.0221407406948712,Draw,0.1310544498302147,0.7516161366358105,0.1173294135339746,Draw,0.3544416629568592,0.5368039577670527,0.108754379276088,Draw,0.1720733642578125,0.639529287815094,0.1883973330259323,Draw,0.187512716360141,0.606845043140911,0.2056422404989479,Draw,0.2021523345083979,0.6537335894063713,0.144114073601704,2,1,0.0452631196450266,0.0456371559148902,1,1,1.1920928955078125e-07,0.0,2.0,0.0,Win,False,20,108
2026-05-13 22:47:47,2026-01-20,Liga,Bodo,Man City,,1453.166296240353,1552.9436244624824,-99.77732822212944,0,2,3,7,11,2,3,1,1,10,6,10,0,0,0,0,0,0,Loss,0.1778445022785327,0.1673520644034199,0.6548034333180475,Loss,0.0016375554329746,0.0042598880603711,0.9941025565066542,Loss,0.067233679581288,0.230315472164281,0.702450848254431,Loss,0.144279129199874,0.1774639679753802,0.6782569028247459,Loss,0.0851785838603973,0.0274722017347812,0.8873492479324341,Win,0.4118428785704331,0.1884942912069988,0.3996628302225681,Loss,0.14800272148725,0.132559647590872,0.7194376365098135,2,3,0.0564269439186635,0.0499874984371092,1,2,0.0,2.384185791015625e-07,3.0,1.0,Win,False,20,108
2026-05-13 22:49:17,2026-01-20,Liga,Copengagen,Napoli,,1480.8746656561725,1465.709775558549,15.164890097623584,2,1,2,10,14,7,1,2,2,4,8,5,0,0,0,0,0,0,Win,0.5619522540052759,0.3154367423110634,0.1226110036836607,Win,0.9867195847897022,0.0106678834472334,0.0026125317630646,Win,0.8117017782897256,0.1709065155612018,0.0173917061490726,Win,0.7535747136852612,0.2173150536813261,0.0291102326334127,Win,0.9900419116020204,0.0083508593961596,0.0016070533310994,Win,0.598141144930139,0.1981709440361858,0.203687911033675,Win,0.7836885645503542,0.1534746664055283,0.0628367397656642,2,1,0.0407553677446296,0.0519037570894438,2,0,1.1920928955078125e-07,0.0,1.0,1.0,Draw,False,20,108
2026-05-13 22:50:48,2026-01-20,Liga,Kairat Almaty,Club Brugge,,1409.090354460908,1446.9685711406755,-37.87821667976755,0,1,4,3,11,1,0,1,4,4,15,1,0,0,0,0,0,0,Draw,0.3204726928858736,0.4709759382373385,0.208551368876788,Win,0.6546339192023669,0.2368813937158499,0.1084846870817831,Draw,0.1613537136593558,0.7543444453528015,0.0843018409878423,Draw,0.300589366009922,0.4581519107339568,0.2412587232561212,Win,0.6205847859382629,0.2282792776823043,0.1511358320713043,Win,0.6194357218492014,0.1911978522352918,0.189366425915507,Win,0.4461783665908305,0.3899718029929238,0.1638498130315576,0,0,0.032155870381627,0.0385843232414409,0,0,1.4901161193847656e-08,1.4901161193847656e-08,1.0,4.0,Loss,False,20,108
2026-05-13 22:53:46,2026-01-21,Liga,Chelsea,Pafos,,1525.2227134262748,1465.324295541761,59.89841788451372,3,1,1,12,5,10,1,2,2,4,9,5,0,0,0,0,0,0,Win,0.8534273791450856,0.0669453075047571,0.0796273133501572,Win,0.986509962033956,0.0110231205139626,0.0024669174520811,Win,0.9364977775472456,0.0535045371926791,0.0099976852600752,Win,0.9117501936917606,0.0677151755307926,0.0205346307774468,Win,0.9843426942825316,0.0121493292972445,0.0035078644286841,Win,1.0,0.0,0.0,Win,0.9454213344500966,0.0352229116732393,0.0193557352114074,2,0,0.1378368600919217,0.0417702046918613,3,0,2.384185791015625e-07,4.4703483581542975e-08,1.0,0.0,Win,True,20,117
2026-05-13 22:55:17,2026-01-21,Liga,Atlanta,Athletic Club,,1546.7929488691052,1466.0377666205254,80.75518224857979,4,1,0,8,2,13,1,2,2,4,7,5,0,0,0,0,0,0,Win,0.4170293804662582,0.4046803578303038,0.1782902617034378,Win,0.9902861347220548,0.0069687647306409,0.0027451005473043,Draw,0.3863997165799829,0.5454121468166443,0.0681881366033726,Win,0.5345017491809332,0.3787580740990815,0.0867401767199852,Win,0.93512362241745,0.0425774604082107,0.0222988352179527,Win,0.8188128758435675,0.1811871241564326,0.0,Win,0.6803589132017077,0.2599306546735523,0.0597104184653421,1,0,0.0657723346096214,0.0497393204617835,1,0,1.1920928955078125e-07,2.9802322387695312e-08,2.0,3.0,Loss,False,20,117
2026-05-13 22:56:48,2026-01-21,Liga,Juventus,Benfica,,1521.558632031773,1479.6926545755596,41.865977456213386,2,2,1,8,6,8,2,0,3,4,5,6,0,0,0,0,0,0,Win,0.7140677680926977,0.1617719863740879,0.1241602455332142,Win,0.9374526406804476,0.0506608861306236,0.0118864731889287,Win,0.6773046337978657,0.3128634353334305,0.0098319308687036,Win,0.8694137905065731,0.113273695472348,0.017312514021079,Win,0.968117892742157,0.026230925694108,0.0056511517614126,Win,0.6032371703215154,0.3967628296784846,0.0,Win,0.7949323160235428,0.1769272931138471,0.0281403858955563,2,1,0.0604235053600831,0.0406693988153254,2,0,2.384185791015625e-07,1.4901161193847656e-08,2.0,0.0,Win,True,20,117
2026-05-13 22:58:18,2026-01-21,Liga,Slavia Praha,Barcelona,,1436.7615549380848,1511.6027829523282,-74.84122801424337,0,2,3,0,9,2,2,1,2,12,10,7,0,0,0,0,0,0,Draw,0.2073819428041112,0.4833565427012541,0.3092615144946345,Loss,0.0020434047153667,0.273995822273228,0.7239607730114053,Draw,0.0236776499635487,0.6100766342265664,0.3662457158098846,Draw,0.1788640668206767,0.4972847364797665,0.3238511966995567,Loss,0.0190101061016321,0.3602857291698456,0.6207043528556824,Win,0.6020706805447846,0.1953685049346823,0.2025608145205328,Loss,0.17217464182502,0.4033946616308905,0.4244307278986161,1,2,0.0829517932295619,0.0419404339510214,0,1,0.0,1.1920928955078125e-07,2.0,4.0,Loss,True,20,117
2026-05-13 22:59:48,2026-01-21,Liga,Marseille,Liverpool,,1510.977908771042,1530.4082059634788,-19.43029719243691,3,0,2,10,6,9,3,0,2,8,6,9,0,0,0,0,0,0,Loss,0.3327003792371096,0.2048588341120362,0.4624407866508542,Win,0.6324896050463957,0.0584949906829849,0.3090154042706192,Loss,0.220196793102421,0.3249236892976628,0.4548795175999158,Loss,0.2857581057192047,0.1698715277917179,0.5443703664890774,Win,0.902673602104187,0.0208959858864545,0.0764305219054222,Win,0.4231937367973032,0.1962870821033635,0.3805191810993333,Win,0.4661687036677702,0.1625553516457033,0.371275963002537,2,3,0.0468081189538738,0.0972561052068198,2,2,2.384185791015625e-07,1.1920928955078125e-07,3.0,0.0,Win,True,20,117
2026-05-13 23:01:19,2026-01-21,Liga,Galatasaray,Atleti,,1500.796705254982,1542.9801170166622,-42.18341176168019,3,0,2,7,3,9,4,0,1,13,9,12,0,0,0,0,0,0,Draw,0.1981010703245782,0.4046091845404149,0.3972897451350067,Draw,0.0072410117703582,0.6350352137316604,0.3577237744979814,Draw,0.084435261825729,0.5498828012604096,0.3656819369138614,Draw,0.1982285888021001,0.4767537436970313,0.3250176675008686,Draw,0.0266508255153894,0.5022172331809998,0.4711319506168365,Draw,0.1712922618837211,0.6632716792078045,0.1654360589084745,Draw,0.1143248366869793,0.53862830926972,0.3470468555955049,0,2,0.0147986485869487,0.0729451848993475,0,2,1.4901161193847656e-08,1.1920928955078125e-07,1.0,1.0,Draw,True,20,117
2026-05-13 23:02:49,2026-01-21,Liga,Qarabag,Frankfurt,,1441.003684874726,1432.1281524985172,8.875532376208639,1,1,3,8,13,4,0,2,3,2,10,2,0,0,0,0,0,0,Win,0.4210657819523273,0.4136758510031845,0.1652583670444882,Win,0.9482376527123164,0.0343686712324004,0.0173936760552829,Draw,0.418563536428838,0.5145165220848116,0.0669199414863501,Win,0.5424888684464497,0.3692937274131039,0.0882174041404461,Win,0.759850263595581,0.1114906445145607,0.1286592483520507,Win,0.6088668639101743,0.3911331360898256,0.0,Win,0.6165121611742811,0.3057464253896478,0.077741439513103,2,0,0.0623217458035315,0.0508428952755446,2,0,1.1920928955078125e-07,1.4901161193847656e-08,3.0,2.0,Win,True,20,117
2026-05-13 23:04:20,2026-01-21,Liga,Newcastle,PSV,,1537.777325393454,1518.2149870635808,19.562338329873228,3,1,1,12,4,10,2,2,1,14,8,8,0,0,0,0,0,0,Win,0.4641986483718295,0.3744702309985902,0.1613311206295801,Win,0.6373382398321824,0.291353923380434,0.0713078367873834,Draw,0.409417529489793,0.4569798254137975,0.1336026450964092,Win,0.5540264773268849,0.3216268217545397,0.1243467009185753,Win,0.7800053954124451,0.120000459253788,0.0999941825866699,Win,0.5958290617949692,0.4041709382050308,0.0,Win,0.5734692253713506,0.3281003665010301,0.0984304143364363,2,1,0.0355668384875575,0.0401746188532012,2,1,0.0,1.1920928955078125e-07,3.0,0.0,Win,True,20,117
2026-05-13 23:05:50,2026-01-21,Liga,Bayern Munchen,Union SG,,1585.6444804577095,1450.3374198530282,135.30706060468128,4,0,1,15,6,12,1,0,4,4,14,3,0,0,0,0,0,0,Win,0.6960955279266198,0.1151070210534113,0.1887974510199685,Win,0.787431040241928,0.2016453822966128,0.0109235774614591,Win,0.9077741949801862,0.0496293753379778,0.0425964296818357,Win,0.7992311933723089,0.0711740298676509,0.1295947767600401,Win,0.8072034120559692,0.1493574976921081,0.0434391684830188,Win,0.6050909054704706,0.0,0.3949090945295294,Win,0.7671377123412472,0.0978188843746268,0.1350434163226419,3,1,0.1128494572428241,0.035982634700644,3,1,0.0,1.1920928955078125e-07,2.0,0.0,Win,True,20,117
2026-05-14 07:35:59,2026-01-28,Liga,Paris,Newcastle,,1554.654827188096,1558.1190251496043,-3.464197961508262,2,1,2,14,9,7,3,1,1,11,4,10,0,0,0,0,0,0,Win,0.6587772293956966,0.07901995157601857,0.26220281902828485,Win,0.9591471656240413,0.004426854145093553,0.036425980230865254,Win,0.5452910164619558,0.059208898098910036,0.39550008543913434,Win,0.5595906747050245,0.08405517940612155,0.35635414588885383,Win,0.9530779719352722,0.012382629327476025,0.034539397805929184,Win,0.5860973379822718,0.0,0.4139026620177287,Win,0.7103302326840438,0.039848918758936626,0.24982084840179938,2,2,0.08619164692706599,0.061341258545941156,2,2,4.76837158203125e-07,1.1920928955078125e-07,1,1,Draw,False,20,126
2026-05-14 07:37:34,2026-01-28,Liga,Man City,Galatasaray,,1527.8788327962557,1500.0281748495752,27.850657946680485,3,0,2,9,7,9,2,1,2,7,4,7,0,0,0,0,0,0,Win,0.7056225132208274,0.09475524796397986,0.19962223881519256,Win,0.9925850285978302,0.002008854443129667,0.005406116959040088,Win,0.6863830147210664,0.09894094226692696,0.21467604301200657,Win,0.7974316033311,0.06709402096699654,0.13547437570190352,Win,0.9761964678764343,0.0038166337180882692,0.019986748695373535,Win,0.6106213609327239,0.0,0.38937863906727616,Win,0.7948066647799971,0.04443594989318688,0.16075736037513208,2,2,0.059116410581157575,0.07152621896899065,1,0,1.1920928955078125e-07,0.0,2,0,Win,True,20,126
2026-05-14 07:39:05,2026-01-28,Liga,Liverpool,Qarabag,,1559.709536277307,1453.0684394695757,106.6410968077314,4,0,1,11,5,12,1,1,3,8,13,4,0,0,0,0,0,0,Win,0.5797527207471158,0.22394444275036327,0.1963028365025207,Win,0.8729818380659559,0.029658447885807383,0.09735971404823665,Win,0.5423381777847534,0.32638480947105025,0.1312770127441962,Win,0.7890057738981178,0.1306980748088892,0.08029615129299314,Win,0.5854166746139526,0.025652285665273666,0.3889312446117401,Win,0.8185058529981861,0.18149414700181377,0.0,Win,0.6980001730180135,0.15297203459719957,0.14902782653328114,2,1,0.058258046654518045,0.051717985266249544,1,1,0.0,1.1920928955078125e-07,6,0,Win,True,20,126
2026-05-14 07:40:36,2026-01-28,Liga,BDortmund,Inter,,1517.4155150610902,1525.2136175326177,-7.7981024715275,2,1,2,11,10,7,2,0,3,8,7,6,0,0,0,0,0,0,Win,0.4639845944309302,0.18566615048373714,0.35034925508533277,Win,0.9468400647926402,0.018117055299078606,0.035042879908280984,Win,0.43050697621473943,0.22699570316579773,0.34249732061946303,Win,0.6284153438539545,0.12711021750900403,0.24447443863704138,Win,0.7633125185966492,0.05832444876432419,0.1783628761768341,Win,0.8027731048986289,0.1972268951013713,0.0,Win,0.6726387671312571,0.13557341172055218,0.1917877950711587,4,3,0.08782938005018592,0.09794896630388704,2,2,4.76837158203125e-07,2.384185791015625e-07,0,2,Loss,False,20,126
2026-05-14 07:42:14,2026-01-28,Liga,Barcelona,Copengagen,,1533.1422461316101,1477.6792344417702,55.46301168983996,3,1,1,15,10,10,2,1,2,9,13,7,0,0,0,0,0,0,Win,0.8509298953623899,0.050782928344117406,0.09828717629349269,Win,0.9968011077806184,0.001406964794145173,0.0017919274252364964,Win,0.819155623681757,0.11910960320965366,0.06173477310858964,Win,0.9108277075457899,0.05656200579939148,0.03261028665481887,Win,0.9901555776596069,0.005755632650107145,0.0040887449868023396,Win,1.0,0.0,0.0,Win,0.9279783186716938,0.038936189132902484,0.03308548474482333,2,1,0.06756293362488038,0.03264965543462896,2,1,0.0,1.1920928955078125e-07,4,1,Win,True,20,126
2026-05-14 08:26:13,2026-01-28,Liga,Arsenal,Kairat Almaty,,1648.5033880800486,1381.1712296576538,267.33215842239474,5,0,0,16,2,15,0,1,4,4,10,1,0,0,0,0,0,0,Win,0.7458483578229651,0.16140405354430448,0.09274758863273054,Win,0.9988580976459023,0.0007682960237164946,0.0003736063303810482,Win,0.9493453891425098,0.04854501730956354,0.0021095935479268782,Win,0.8949078426912237,0.09101227498226401,0.01407988232651207,Win,0.997287929058075,0.002095641102641821,0.000616166740655899,Win,1.0,0.0,0.0,Win,0.9310412693934461,0.050637547160415054,0.018321139596367737,4,1,0.08422588675698234,0.04181805830021284,4,1,2.384185791015625e-07,5.960464477539063e-08,3,2,Win,True,20,131
2026-05-14 08:27:47,2026-01-28,Liga,Leverkursen,Villareal,,1492.1837597665476,1398.057943909769,94.12581585677867,2,1,2,7,11,7,0,0,5,3,12,0,0,0,0,0,0,0,Win,0.545143473266867,0.3124016856167618,0.14245484111637113,Win,0.969474157158458,0.029920193823978335,0.0006056490175638399,Win,0.8549536804560228,0.13770147272639213,0.007344846817585034,Win,0.7858902858818305,0.17553824397657422,0.03857147014159541,Win,0.8554457426071167,0.13775721192359924,0.0067970892414450645,Win,1.0,0.0,0.0,Win,0.8351512232283825,0.13221980134455094,0.03262898272242675,2,0,0.05360970061472082,0.044170125650715555,2,0,1.1920928955078125e-07,0.0,3,0,Win,True,20,131
2026-05-14 08:29:20,2026-01-28,Liga,Atleti,Bodo,,1543.748647422069,1478.2310879065797,65.51755951548944,3,1,1,9,9,10,1,1,3,8,10,4,0,0,0,0,0,0,Win,0.7607055617187485,0.13014898386834,0.10914545441291153,Win,0.9934403479085339,0.005619473722446405,0.0009401783690197605,Win,0.8733858100157492,0.08047677122823726,0.0461374187560133,Win,0.8995382233160925,0.07349893453351605,0.026962842150391447,Win,0.9813779592514038,0.016567405313253403,0.0020546172745525837,Win,1.0,0.0,0.0,Win,0.9180746503684213,0.05105192811096552,0.03087341849381477,2,1,0.0721734023030645,0.041999999999999954,2,1,0.0,0.0,1,2,Loss,False,20,131
2026-05-14 08:30:52,2026-01-28,Liga,Benfica,Real Madrid,,1463.6067695562015,1558.6753063278138,-95.06853677161234,2,0,3,4,6,6,3,0,2,12,7,9,0,0,0,0,0,0,Loss,0.0615432991678246,0.07338933993921314,0.8650673608929621,Loss,0.000269301294157697,0.0004666052119738995,0.9992640934938686,Loss,0.0008921050265447742,0.0758902818358893,0.9232176131375663,Loss,0.014025943485139422,0.048549334637463734,0.9374247218773968,Loss,0.00443998770788312,0.01867186278104782,0.9768884778022766,Loss,0.0,0.0,1.0,Loss,0.013528439446924936,0.03616123740093132,0.9503103778673451,2,3,0.05472430904086407,0.0802667428017358,0,3,0.0,2.384185791015625e-07,4,2,Win,False,20,131
2026-05-14 08:32:15,2026-01-28,Liga,Frankfurt,Tottenham,,1420.0633979036675,1553.804025670858,-133.74062776719052,0,2,3,3,8,2,3,1,1,12,5,10,0,0,0,0,0,0,Win,0.4235522437724053,0.4079580255201953,0.16848973070739945,Win,0.7247447280024933,0.2545060371610937,0.02074923483641285,Win,0.5242552455131058,0.31121086532778003,0.16453388915911432,Win,0.48452763935675636,0.3054279722156555,0.2100443884275882,Win,0.7300491333007812,0.24759738147258759,0.02235347032546997,Win,0.5829032629491292,0.4170967370508708,0.0,Win,0.5783387088157785,0.3239661697913638,0.0976951189093308,3,1,0.09937806599043873,0.07473118492302927,2,1,2.384185791015625e-07,0.0,0,2,Loss,False,20,131
2026-05-14 08:33:47,2026-01-28,Liga,Club Brugge,Marseille,,1474.8876959439297,1481.6765784572137,-6.788882513284079,1,1,3,7,14,4,2,0,3,6,9,6,0,0,0,0,0,0,Loss,0.2612066340163662,0.36778808823131764,0.3710052777523162,Draw,0.10907211181221985,0.538887326426889,0.35204056176089127,Draw,0.32723376915788754,0.5084575581134587,0.1643086727286538,Win,0.4785053641823698,0.34016923046513636,0.18132540535249375,Draw,0.26115626096725464,0.707571268081665,0.031272344291210175,Draw,0.19230954834820768,0.599748675733375,0.20794177591841737,Draw,0.27158061474738426,0.5104370245086404,0.21798233963399707,2,3,0.06476109943476872,0.09102060206348896,2,1,2.384185791015625e-07,1.1920928955078125e-07,3,0,Win,False,20,131
2026-05-14 08:35:19,2026-01-28,Liga,PSV,Bayern Munchen,,1497.8732873074305,1596.679319935642,-98.8060326282116,2,1,2,13,10,7,4,0,1,12,5,12,0,0,0,0,0,0,Loss,0.25781828902290205,0.17492039574139634,0.5672613152357014,Loss,0.18034334884537684,0.22023584078209799,0.5994208103725251,Loss,0.07658634782427771,0.18951547213760864,0.7338981800381139,Loss,0.12233333107916086,0.1112188006526248,0.7664478682682141,Loss,0.10139689594507217,0.07110738009214401,0.8274956941604614,Loss,0.20327767754518308,0.19575821701818494,0.6009641054366318,Loss,0.15695931504366212,0.16045935107067613,0.6825813289186079,3,3,0.08800426126046396,0.07251723932969319,2,3,2.384185791015625e-07,2.384185791015625e-07,1,2,Loss,True,20,131
2026-05-14 08:36:52,2026-01-28,Liga,Ajax,Olympiacos,,1431.7395424626386,1482.2049390582524,-50.46539659561381,2,0,3,7,13,6,2,1,2,8,11,7,0,0,0,0,0,0,Loss,0.282522250264953,0.2920703542764189,0.4254073954586282,Loss,0.1592872217109626,0.1082410727820736,0.7324717055069637,Loss,0.1068737564308524,0.20247136150041864,0.690654882068729,Loss,0.15345365181623818,0.23384724299915124,0.6126991051846107,Loss,0.11912331730127335,0.07647518813610077,0.8044015169143677,Loss,0.3779093789614885,0.0,0.6220906210385114,Loss,0.19986159608096132,0.15218420328236051,0.6479542043619685,0,1,0.019595917942265426,0.07605754400452332,0,0,0.0,1.4901161193847656e-08,1,2,Loss,True,20,131
2026-05-14 08:38:24,2026-01-28,Liga,Napoli,Chelsea,,1468.9052067729513,1535.2424325036718,-66.33722573072055,1,3,1,3,3,6,3,1,1,12,5,10,0,0,0,0,0,0,Win,0.4866687573882145,0.2390166335217668,0.2743146090900188,Win,0.8205813495562542,0.0211507592350176,0.1582678912087282,Draw,0.12210303892459669,0.5857024169767656,0.2921945440986376,Loss,0.2756712625996169,0.27854028293996685,0.44578845446041615,Loss,0.05236487835645676,0.05261896178126335,0.8950158953666687,Loss,0.4092753948197415,0.0,0.5907246051802583,Loss,0.36111078027414684,0.1961715090757967,0.4427176665674546,2,1,0.07004284403134982,0.056745043836444395,0,1,7.450580596923828e-09,0.0,2,3,Loss,True,20,131
2026-05-14 08:39:56,2026-01-28,Liga,Monaco,Juventus,,1487.4562399904619,1537.644517051131,-50.18827706066918,2,2,1,5,8,8,3,1,1,8,4,10,0,0,0,0,0,0,Loss,0.17248356467612297,0.37735772496380665,0.4501587103600702,Loss,0.016355486296795507,0.062423811670140314,0.9212207020330643,Loss,0.029896082620562058,0.2984786507139496,0.6716252666654884,Loss,0.06108881181394008,0.23908722138483726,0.6998239668012226,Loss,0.004792012739926577,0.08708605170249939,0.9081218838691711,Draw,0.0,0.6003310248548887,0.3996689751451114,Loss,0.047435993024557865,0.27746074754835365,0.6751032508123546,1,2,0.07875753932164212,0.07650326790405758,0,2,0.0,2.384185791015625e-07,0,0,Draw,False,20,131
2026-05-14 08:41:28,2026-01-28,Liga,Union SG,Atlanta,,1439.3025803750957,1526.028053077053,-86.72547270195741,1,0,4,4,12,3,3,1,1,8,4,10,0,0,0,0,0,0,Draw,0.18405140164341596,0.4908234089641385,0.3251251893924457,Loss,0.02266789171025107,0.20443508280424064,0.7728970254855083,Draw,0.049749208723204846,0.5742698760627286,0.37598091521406657,Draw,0.1448844091945286,0.4604138791611108,0.39470171164436046,Draw,0.04081318899989128,0.5557812452316284,0.40340566635131836,Loss,0.19640819117343836,0.21838013655522462,0.585211672271337,Loss,0.10642904857412168,0.41735060479651187,0.4762203633931727,0,2,0.02135415650406262,0.08222530024268686,0,2,1.4901161193847656e-08,0.0,1,0,Win,False,20,131
2026-05-14 08:43:00,2026-01-28,Liga,Athletic Club,Sporting CP,,1486.8026624125775,1538.075271330073,-51.27260891749552,2,2,1,6,5,8,3,1,1,9,6,10,0,0,0,0,0,0,Draw,0.38227423523019577,0.4268125583868126,0.1909132063829918,Win,0.6126710208510531,0.12597179919490742,0.2613571799540396,Draw,0.13641202644714626,0.7314656845971933,0.1321222889556603,Win,0.44621248880991093,0.4219912323674084,0.13179627882268075,Win,0.976272702217102,0.019647272303700447,0.004079920705407858,Win,0.4297742757224342,0.38604875738589406,0.18417696689167196,Win,0.4972694582129737,0.35198955070598603,0.15074097361874203,2,1,0.057816520130495576,0.05072228307164417,1,0,1.1920928955078125e-07,1.4901161193847656e-08,2,3,Loss,False,20,131
2026-05-14 08:44:32,2026-01-28,Liga,Pafos,Slavia Praha,,1455.3045764643641,1415.222091758803,40.08248470556123,1,2,2,3,5,5,0,2,3,2,10,2,0,0,0,0,0,0,Draw,0.33310314040467204,0.48419457869824817,0.1827022808970799,Win,0.8976754041864259,0.08291328202945905,0.01941131378411513,Win,0.5024917798970059,0.44568115883805237,0.05182706126494161,Win,0.5008767318623093,0.40297128722770886,0.09615198090998167,Win,0.7108277678489685,0.27726632356643677,0.011905994266271591,Win,0.590507308673498,0.4094926913265019,0.0,Win,0.58924702214548,0.35041988694773446,0.06033310518706498,2,0,0.08162566998193646,0.042438190347845885,1,0,0.0,0.0,4,1,Win,True,20,131
2026-05-14 08:47:51,2026-02-17,Playoffs,Monaco,Paris,,1487.032746435287,1552.2352982226673,-65.20255178738034,2,2,1,5,8,8,1,2,2,8,8,5,0,0,0,0,0,0,Loss,0.0,0.1665277578176722,0.8334722421823274,Loss,0.033203016566729485,0.16735067246080687,0.7994463109724637,Loss,0.016274602691191017,0.21449337041136887,0.7692320268974399,Loss,0.0,0.23939393939393935,0.7606060606060611,Loss,0.0,0.13347763579442368,0.866522364205576,Loss,0.1959828622459198,0.10142485845565945,0.7025922792984205,Loss,0.04091008025064005,0.17044470572231174,0.788645214027048,0,3,0.0592452529743945,0.12753332897717365,1,3,5.960464477539063e-08,2.384185791015625e-07,2,3,Loss,True,20,144
2026-05-14 08:49:46,2026-02-17,Playoffs,Galatasaray,Juventus,,1483.099176446163,1538.068010606306,-54.96883416014293,1,1,3,4,5,4,3,2,0,8,3,11,0,0,0,0,0,0,Loss,0.05210955488130479,0.25972897216504215,0.6881614729536533,Loss,0.02505344967105491,0.2231323922968273,0.7518141580321178,Loss,0.18384058224294136,0.23095056556822216,0.5852088521888364,Loss,0.15371048704382032,0.39227603672048134,0.4540134762356985,Win,0.37433149937377325,0.27625859411438014,0.34940990651184656,Loss,0.3485497085800773,0.2908372716212799,0.3606130197986428,Loss,0.189599213632162,0.27886397208103886,0.5315368142867992,0,2,0.02597595041572108,0.08523350280259517,0,1,3.725290298461914e-09,5.960464477539063e-08,5,2,Win,False,20,144
2026-05-14 08:51:41,2026-02-17,Playoffs,Benfica,Real Madrid,,1488.3701340817797,1533.9119418022356,-45.541807720455836,3,0,2,8,5,9,2,0,3,13,11,6,1,1,0,0,4,2,Loss,0.08946237859490865,0.10800451282099259,0.8025331085840989,Loss,0.09976020761700351,0.10126036918417966,0.7989794231988169,Loss,0.019607843137254895,0.0883838383838384,0.8920083184789066,Loss,0.17969117153407185,0.09157994852858904,0.7287288799373391,Loss,0.05712860503127779,0.06458055147133558,0.8782908434973867,Loss,0.4296594663951979,0.09019506485814538,0.4801454687466566,Loss,0.14588494538495245,0.09066738087451344,0.7634476737405341,1,2,0.054614558498627404,0.0662193325245732,1,2,0.0,0.0,0,1,Loss,True,20,144
2026-05-14 08:53:36,2026-02-17,Playoffs,BDortmund,Atlanta,,1491.5601206424894,1509.876492039979,-18.316371397489547,1,1,3,7,10,4,3,0,2,8,5,9,0,0,0,0,0,0,Win,0.7750726631542588,0.16915115424379973,0.05577618260194126,Win,0.803052196432706,0.1768587734289551,0.02008903013833901,Win,0.8381324986958789,0.09520083463745438,0.06666666666666667,Win,0.7981243315995261,0.15980892665188723,0.04206674174858668,Win,1.0,0.0,0.0,Win,0.7131541047497011,0.12397489204345451,0.1628710032068447,Win,0.8212559657720119,0.12083243016759182,0.057911604060396395,2,1,0.03774586070021454,0.04779905856813495,2,0,2.384185791015625e-07,2.9802322387695312e-08,2,0,Win,True,20,144
2026-05-14 08:56:56,2026-02-18,Playoffs,Olympiacos,Leverkursen,,1497.6164776713201,1507.4971674042836,-9.880689732963447,3,1,1,9,6,10,3,1,1,8,4,10,1,1,0,0,2,0,Draw,0.24058436154308072,0.5748329999745103,0.18458263848240902,Draw,0.28796382673812126,0.47771505238126427,0.23432112088061435,Win,0.43697960513761724,0.3659046927703679,0.19711570209201487,Draw,0.3310678269537703,0.4512890346275997,0.21764313841862984,Win,0.6861694205981306,0.24898812355184727,0.06484245585002181,Draw,0.33095155136654875,0.4449914034162372,0.2240570452172141,Draw,0.38561943205621146,0.42728688445363777,0.18709368349015065,1,1,0.041785164831552396,0.054724309040864075,1,1,1.1920928955078125e-07,0.0,0,2,Loss,False,20,148
2026-05-14 08:58:52,2026-02-18,Playoffs,Bodo,Inter,,1498.426052028468,1551.0690119512185,-52.642959922750606,2,1,2,9,8,7,2,0,3,6,7,6,0,0,0,0,0,0,Loss,0.24275884075885812,0.1999108274998767,0.5573303317412652,Win,0.45344285586794575,0.1155100887094473,0.4310470554226069,Loss,0.13603536460903773,0.1502481273154421,0.7137165080755205,Loss,0.11796893447082857,0.12779605407587197,0.7542350114532997,Loss,0.22210118785701788,0.14602136988604514,0.6318774422569368,Loss,0.2990353875175289,0.3199807855982063,0.38098382688426474,Loss,0.24522376184686948,0.17657787551414825,0.5781983626389823,1,1,0.06766830868286867,0.06536627570850276,2,1,1.1920928955078125e-07,1.1920928955078125e-07,3,1,Win,False,20,148
2026-05-14 09:00:48,2026-02-18,Playoffs,Club Brugge,Atleti,,1497.1485471938174,1523.5536833001809,-26.405136106363443,2,1,2,10,10,7,3,1,1,10,7,10,0,0,0,0,0,0,Win,0.5238730659041162,0.3643026841497743,0.1118242499461097,Win,0.7349020093619767,0.2650979906380232,0.0,Win,0.6680783858071189,0.2699201817842373,0.06200143240864411,Win,0.4434899354260927,0.3365465629971655,0.21996350157674177,Win,0.6865897362593069,0.20089859163458348,0.11251167210611017,Draw,0.3160200210189067,0.4520235422542457,0.23195643672684776,Win,0.5621588589629197,0.3147982589096716,0.12304288212740892,2,1,0.04346262762420153,0.04873397172404483,2,1,2.384185791015625e-07,1.1920928955078125e-07,3,3,Draw,False,20,148
2026-05-14 09:02:44,2026-02-18,Playoffs,Qarabag,Newcastle,,1436.0313573176873,1560.538554115033,-124.50719679734584,1,1,3,7,16,4,2,2,1,9,5,8,0,0,0,0,0,0,Win,0.46384360728514124,0.22224262593812236,0.3139137667767364,Win,0.7627698907116397,0.11266104769922225,0.12456906158913819,Win,0.5533992377946373,0.2543795495769384,0.19222121262842426,Loss,0.3352371190064956,0.3270595485480022,0.3377033324455019,Win,0.49089852070393486,0.17212623227935978,0.3369752470167049,Win,0.4109054874272264,0.3274817292208596,0.2616127833519138,Win,0.5028423104881792,0.23599178887708408,0.2611659006347366,2,2,0.03949683531626304,0.08166394553289724,1,2,2.384185791015625e-07,0.0,1,6,Loss,False,20,148
2026-05-14 09:06:09,2026-02-24,Playoffs,Leverkursen,Olympiacos,,1533.2205760359304,1471.8930690396733,61.32750699625717,3,1,1,9,4,10,3,0,2,8,7,9,2,1,0,1,2,2,Win,0.7568384477100399,0.12083973771344866,0.12232181457651123,Win,0.7294068356546691,0.15579894830980212,0.11479421603552868,Win,0.779184683582171,0.14115743384732535,0.07965788257050391,Win,0.6717135411986702,0.12819360829065204,0.20009285051067774,Win,0.9208123042184336,0.0791876957815661,0.0,Win,0.7428226263842704,0.12629835917507154,0.13087901444065825,Win,0.7667964064580425,0.12524596385297762,0.10795762968897997,1,1,0.07038998508310679,0.032291639784934996,2,0,1.1920928955078125e-07,1.4901161193847656e-08,0,0,Draw,False,20,152
2026-05-14 09:08:12,2026-02-24,Playoffs,Inter,Bodo,,1529.0453841819253,1520.449679797761,8.595704384164264,1,0,4,5,9,3,3,1,1,12,8,10,1,0,0,1,1,3,Win,0.5392855718185045,0.22041058310082975,0.24030384508066574,Win,0.4093575121706624,0.2764413366746522,0.31420115115468544,Loss,0.35199117534499447,0.2248260957655163,0.4231827288894892,Win,0.36760864876171695,0.33647641386609445,0.2959149373721886,Draw,0.23260236335994292,0.3888929336649704,0.3785047029750867,Win,0.46911019614948285,0.18345709120321768,0.34743271264729975,Win,0.3949925779342173,0.2717507423792135,0.33325667968656925,1,1,0.05109794516416485,0.06182839153657484,0,1,0.0,0.0,1,2,Loss,False,20,152
2026-05-14 09:10:12,2026-02-24,Playoffs,Atleti,Club Brugge,,1524.9995867223215,1495.7026437716768,29.296942950644734,2,2,1,10,9,8,2,1,2,10,10,7,1,0,1,0,3,3,Win,0.975365770336424,0.024634229663575723,0.0,Win,0.8933239955138784,0.10508317523503889,0.001592829251082857,Win,0.8347978429279245,0.1652021570720757,0.0,Win,0.8403225806451611,0.1596774193548387,0.0,Win,0.992034342894725,0.007965657105274939,0.0,Win,0.7408437286782785,0.06229911988225045,0.1968571514394709,Win,0.8794480434993986,0.0874769597188424,0.033074996781758965,2,1,0.054943152439589804,0.0427170925976944,2,1,0.0,1.1920928955078125e-07,4,1,Win,True,20,152
2026-05-14 09:12:11,2026-02-24,Playoffs,Newcastle,Qarabag,,1584.4193594613782,1412.150551971342,172.26880749003612,2,2,1,13,6,8,1,0,4,6,20,3,1,1,0,0,6,1,Win,0.8910529804245314,0.07617475422026468,0.032772265355203896,Win,0.8687283107606742,0.10678391416663202,0.024487775072693833,Win,0.7527825110978655,0.24721748890213474,0.0,Win,0.8146256021018827,0.13409234661606578,0.0512820512820513,Win,0.9824561402270447,0.017543859772955174,0.0,Win,0.7249707128052627,0.15753721512034563,0.11749207207439168,Win,0.8391027095695435,0.12322492979973299,0.037672360630723455,2,1,0.0733126864874014,0.047484207901153874,2,0,4.76837158203125e-07,1.4901161193847656e-08,3,2,Win,True,20,152
2026-05-14 09:15:33,2026-02-25,Playoffs,Paris,Monaco,,1567.0107027929766,1472.2573418649777,94.75336092799898,2,2,1,10,8,8,1,2,2,6,11,5,1,1,0,0,3,2,Win,0.9360662399090606,0.03161130301100933,0.0323224570799301,Win,0.7342702089526594,0.1262637863204521,0.13946600472688858,Win,0.8410414525522437,0.1343782117163412,0.024580335731414875,Win,0.8722032962910031,0.06970775029308436,0.05808895341591245,Win,0.936170212765958,0.06382978723404255,0.0,Win,0.6465770246906859,0.1108586963263414,0.24256427898297245,Win,0.8277214058602685,0.08944158915021183,0.08283700498951974,2,1,0.08074032449773778,0.042414620120896945,1,0,1.1920928955078125e-07,0.0,2,2,Draw,False,20,156
2026-05-14 09:17:28,2026-02-25,Playoffs,Juventus,Galatasaray,,1512.1981065959524,1508.9690804565166,3.229026139435746,3,1,1,9,7,10,1,1,3,6,7,4,1,0,0,1,2,5,Win,0.9493530610946561,0.050646938905343865,0.0,Win,0.8459993242799838,0.13147228815687345,0.022528387563142863,Win,0.7894863993046498,0.1859332649639355,0.024580335731414875,Win,0.8218446313411987,0.15742171634620142,0.020733652312599677,Win,0.954579410284976,0.04542058971502406,0.0,Win,0.8378841394364878,0.0647089215091657,0.09740693905434668,Win,0.8665244942903253,0.10593395326609067,0.027541552443584017,2,0,0.04375785643744447,0.029878922336657326,2,0,2.384185791015625e-07,2.9802322387695312e-08,3,2,Win,True,20,156
2026-05-14 09:19:24,2026-02-25,Playoffs,Real Madrid,Benfica,,1549.5357920688189,1472.7462838151964,76.78950825362244,3,0,2,14,10,9,3,0,2,8,5,9,2,1,0,1,3,4,Win,0.9568040038367747,0.04319599616322559,0.0,Win,0.8819423994446536,0.08452023361829572,0.033537366937050755,Win,0.8781688448017937,0.09725081946679152,0.024580335731414875,Win,0.8703084355258268,0.12969156447417324,0.0,Win,1.0,0.0,0.0,Win,0.7040033580148232,0.1420796824180958,0.15391695956708118,Win,0.8818711736039786,0.08278971602343031,0.03533911037259114,2,0,0.05572028355993892,0.02437211521390788,2,0,4.76837158203125e-07,1.4901161193847656e-08,2,1,Win,True,20,156
2026-05-14 09:21:19,2026-02-25,Playoffs,Atlanta,BDortmund,,1490.063054601688,1511.3735580807804,-21.310503479092404,2,0,3,7,7,6,2,1,2,8,6,7,1,0,0,1,0,2,Loss,0.36461633180072006,0.23258206578228888,0.40280160241699103,Loss,0.21230568952127155,0.3910016390239917,0.39669267145473686,Loss,0.10572493224932251,0.2034167687567287,0.6908582989939487,Loss,0.34606051747664357,0.18847019820534996,0.4654692843180063,Loss,0.2698386915442728,0.2776780400518012,0.45248326840392583,Win,0.5675530394006978,0.23437982501286664,0.19806713558643574,Loss,0.31101653366548804,0.2545880894721712,0.43439537686234075,1,1,0.055809945350268855,0.05568662316930342,1,1,1.1920928955078125e-07,1.1920928955078125e-07,4,1,Win,False,20,156
2026-05-14 09:24:38,2026-03-10,Octavos,Galatasaray,Liverpool,,1496.6691541540533,1576.7466184291955,-80.07746427514212,1,1,3,8,9,4,4,0,1,12,4,12,1,1,0,0,1,0,Loss,0.0521386161801331,0.09435923258316402,0.8535021512367029,Loss,0.10286284502303619,0.07147050698582266,0.8256666479911411,Loss,0.023809523809523822,0.17192519907976958,0.8042652771107066,Loss,0.026431718061674003,0.11715064438483447,0.8564176375534915,Loss,0.15240390335395318,0.14363943933782813,0.7039566573082184,Loss,0.35651217008542535,0.16752063144098225,0.4759671984735922,Loss,0.11902646275229094,0.1276776089687335,0.7532959282789754,1,3,0.045814844755821184,0.11169042035913374,1,2,1.1920928955078125e-07,1.1920928955078125e-07,1,0,Win,False,20,160
2026-05-14 09:26:34,2026-03-10,Octavos,Atlanta,Bayern Munchen,,1513.401947965886,1610.010861224139,-96.6089132582531,2,0,3,8,8,6,4,0,1,10,6,12,0,0,0,0,0,0,Loss,0.050149893111360366,0.08786320496465032,0.8619869019239894,Loss,0.14817358036720088,0.09012596673751236,0.7617004528952867,Loss,0.023809523809523822,0.12559624200238867,0.8505942341880871,Loss,0.13831230497897168,0.09238909238909242,0.7692986026319362,Loss,0.0,0.053291538143903604,0.9467084618560964,Loss,0.3230603625729617,0.13352831976397578,0.5434113176630627,Loss,0.11391761080666973,0.09713239400025386,0.7889499951930765,1,3,0.04566180022732352,0.09049171232770434,1,2,1.1920928955078125e-07,2.384185791015625e-07,1,6,Loss,True,20,160
2026-05-14 09:28:29,2026-03-10,Octavos,Newcastle,Barcelona,,1590.659243708169,1550.9761767486125,39.68306695955653,3,2,0,15,6,11,3,1,1,13,10,10,1,0,0,1,1,2,Loss,0.3231106940602492,0.1293930144752301,0.5474962914645208,Loss,0.35036581427853475,0.28711068946336205,0.3625234962581033,Win,0.4074791948819591,0.2072084048084398,0.38531240030960107,Loss,0.38802308121928575,0.1907519638963029,0.4212249548844114,Win,0.6985923996692807,0.16464673955475537,0.13676086077596378,Loss,0.3255654604513956,0.11982593125402134,0.5546086082945828,Win,0.41552277409345084,0.18315612390868527,0.4013211019978638,2,2,0.06342515273927211,0.06093233952508305,2,2,2.384185791015625e-07,1.1920928955078125e-07,1,1,Draw,False,20,160
2026-05-14 09:30:24,2026-03-10,Octavos,Atleti,Tottenham,,1544.647618070253,1571.5990050730798,-26.951387002826777,2,2,1,12,9,8,4,0,1,14,5,12,0,0,0,0,0,0,Win,0.8661050242434015,0.13389497575659862,0.0,Win,0.8971525272970314,0.10179457973077062,0.0010528929721978443,Win,0.8380719839686412,0.15816971901387764,0.003758297017480873,Win,0.8365426815887641,0.16345731841123545,0.0,Win,0.9114725220560695,0.08852747794393025,0.0,Win,0.7895649053405479,0.10717911029847363,0.10325598436097819,Win,0.856484940749076,0.12550386352581436,0.018011195725109484,2,1,0.053429860565043605,0.04441565039487773,2,1,0.0,0.0,5,2,Win,True,20,160
2026-05-14 09:33:44,2026-03-11,Octavos,Paris,Chelsea,,1560.7388479225986,1549.9688628135682,10.769985109030358,1,3,1,7,7,6,3,1,1,10,6,10,0,0,0,0,0,0,Win,0.8766230941339475,0.1233769058660527,0.0,Win,0.7840748778252711,0.21592512217472892,0.0,Win,0.8177670827693392,0.1096906803028024,0.0725422369278588,Win,0.849340766036686,0.10602713407771576,0.0446320998855986,Win,0.6514194894576503,0.1643484550403874,0.18423205550196237,Win,0.7892290147044227,0.06523701240092829,0.14553397289464917,Win,0.7947423874878861,0.13076755164376924,0.07449006086834482,2,1,0.07906326580656779,0.036259481518631814,1,2,1.1920928955078125e-07,1.1920928955078125e-07,5,2,Win,True,20,164
2026-05-14 09:35:40,2026-03-11,Octavos,Real Madrid,Man City,,1558.9174555821314,1544.8078311996678,14.109624382463608,3,0,2,12,8,9,3,0,2,9,7,9,1,0,0,1,1,2,Win,0.7999810609015033,0.14416091761069874,0.05585802148779795,Win,0.7905689815030832,0.20916272221417218,0.0002682962827447223,Win,0.7277372262773726,0.176698483997754,0.09556428972487364,Win,0.6404840201035001,0.136733255782739,0.22278272411376063,Win,0.791500644421381,0.20849935557861926,0.0,Win,0.56534034956077,0.11717947741140385,0.3174801730278264,Win,0.7192687137946018,0.16540570209923117,0.11532558410616722,2,1,0.06938839960685068,0.0539536838408648,2,1,4.76837158203125e-07,0.0,3,0,Win,True,20,164
2026-05-14 09:37:36,2026-03-11,Octavos,Bodo,Sporting CP,,1538.3733048378162,1553.451983861247,-15.078679023430823,4,1,0,12,6,13,3,1,1,10,7,10,0,0,0,0,0,0,Win,0.8332967056213569,0.14313273060864598,0.023570563769997225,Win,0.7882324859720824,0.2117675140279176,0.0,Win,0.8198324314528985,0.1400532635858084,0.040114304961292944,Win,0.832583208170899,0.16741679182910107,0.0,Win,0.845917637273598,0.15408236272640163,0.0,Win,0.6904413222514592,0.25596180993495243,0.05359686781358838,Win,0.801717298457049,0.17873574545213786,0.01954695609081309,2,1,0.061520321845712087,0.03668787265568822,2,0,0.0,0.0,3,0,Win,True,20,164
2026-05-14 09:39:32,2026-03-11,Octavos,Leverkursen,Arsenal,,1528.1854730039477,1652.4603450888544,-124.27487208490675,2,2,1,7,4,8,5,0,0,15,4,15,0,0,0,0,0,0,Loss,0.08739627599539032,0.0502051894360378,0.862398534568572,Loss,0.11366675588684491,0.13060567506832252,0.7557275690448324,Loss,0.025481823736359672,0.1383938401221621,0.8361243361414786,Loss,0.046667079486601204,0.09472154510061877,0.85861137541278,Loss,0.0,0.04542497369441209,0.9545750263055875,Loss,0.26056701753517897,0.17607857025268953,0.5633544122121315,Loss,0.08896315877339585,0.1059049656123738,0.8051318756142303,1,2,0.032771939216347884,0.07605261336732622,1,2,1.1920928955078125e-07,0.0,1,1,Draw,False,20,164
2026-05-14 09:42:55,2026-03-17,Octavos,Chelsea,Paris,,1528.993046053005,1581.7146646831618,-52.721618630156854,3,0,2,10,9,9,2,2,1,12,9,8,1,0,0,1,2,5,Loss,0.11001645247021723,0.05160972739686591,0.838373820132917,Loss,0.22976953113770024,0.08528032157882086,0.684950147283479,Loss,0.09161155292486087,0.14283195579650992,0.7655564912786289,Loss,0.15397922588479676,0.05805724550965018,0.7879635286055534,Loss,0.03683241381781098,0.07836937543722008,0.8847982107449687,Loss,0.33781267916232766,0.10981447197698675,0.5523728488606856,Loss,0.16000364256628563,0.08766051628267563,0.7523358411510387,1,3,0.055281099844341035,0.10686440005914037,2,4,1.1920928955078125e-07,4.76837158203125e-07,0,3,Loss,True,20,168
2026-05-14 09:44:52,2026-03-17,Octavos,Man City,Real Madrid,,1524.0736758913342,1579.651610890465,-55.577934999130775,2,0,3,5,9,6,4,0,1,14,6,12,2,1,0,1,2,4,Loss,0.30502212640917725,0.09991857562640957,0.595059297964413,Win,0.5288927668354412,0.18837528437522708,0.2827319487893318,Loss,0.2039994143480214,0.08312603115007285,0.7128745545019053,Loss,0.4461469494940255,0.06395724807680989,0.4898958024291645,Loss,0.06442577026778633,0.07745616575468434,0.8581180639775295,Win,0.4472752339680783,0.1521868608687155,0.4005379051632058,Loss,0.332627043553755,0.11083669430865319,0.5565362621375917,2,2,0.05519057890618649,0.05944745579080734,1,2,1.1920928955078125e-07,0.0,1,2,Loss,True,20,168
2026-05-14 09:46:49,2026-03-17,Octavos,Sporting CP,Bodo,,1530.5771635642025,1561.2481251348609,-30.670961570658392,3,0,2,9,9,9,5,0,0,13,4,15,1,0,0,1,0,3,Win,0.8784867705940631,0.11867364812121979,0.002839581284717086,Win,0.734924285939021,0.26507571406097885,0.0,Win,0.8158574882499587,0.18414251175004148,0.0,Win,0.876026429676825,0.1239735703231752,0.0,Win,0.7606003498495358,0.23939965015046435,0.0,Win,0.7109146937079592,0.1766661732909246,0.11241913300111643,Win,0.7961350030028939,0.18465521128280074,0.019209785714305587,2,1,0.0457465845719656,0.058008620049092664,2,1,0.0,1.1920928955078125e-07,5,0,Win,True,20,168
2026-05-14 09:48:45,2026-03-17,Octavos,Arsenal,Leverkursen,,1649.7166054150318,1530.9292126777702,118.7873927372616,4,1,0,13,5,13,2,2,1,6,3,8,1,0,1,0,1,1,Win,0.8924329440330139,0.10610872263365285,0.0014583333333333332,Win,0.8280443285388408,0.17195567146115914,0.0,Win,0.8738592077351883,0.12614079226481184,0.0,Win,0.8708519347702255,0.12914806522977468,0.0,Win,0.8965714609797931,0.1034285390202065,0.0,Win,0.7796319581116217,0.2003082707680345,0.020059771120344055,Win,0.8568986390281138,0.13951501022960658,0.0035863507422795645,3,1,0.05282991576748915,0.07317103251970687,3,1,2.384185791015625e-07,0.0,2,0,Win,True,20,168
2026-05-14 09:52:12,2026-03-18,Octavos,Liverpool,Galatasaray,,1560.8807682114814,1512.5350043717674,48.34576383971398,3,0,2,11,5,9,2,1,2,9,8,7,2,0,0,2,0,2,Win,0.9497621984449711,0.03886742172555628,0.011370379829472413,Win,0.7480717216095243,0.23770805046542254,0.014220227925053225,Win,0.9026412184306917,0.07171775592828224,0.02564102564102565,Win,0.8924064171122993,0.10759358288770053,0.0,Win,0.9240381742452767,0.07596182575472336,0.0,Win,0.6784250316930341,0.17086820415229745,0.1507067641546685,Win,0.8492241269226327,0.11711947348566372,0.033656399591703294,2,1,0.07809609465267768,0.044485952839070496,2,1,0.0,0.0,4,0,Win,True,20,172
2026-05-14 09:54:12,2026-03-18,Octavos,Bayern Munchen,Atlanta,,1636.190176047092,1487.2226331429329,148.96754290415925,4,0,1,14,6,12,1,0,4,7,13,3,1,1,0,0,6,1,Win,0.9268719395553167,0.07312806044468337,0.0,Win,0.8137539530131154,0.18624604698688466,0.0,Win,0.902781986283404,0.07157698807557095,0.02564102564102565,Win,0.8619528619528618,0.10427807486631016,0.03376906318082788,Win,0.9135539638694455,0.0864460361305542,0.0,Win,0.659554626612032,0.07706308394109435,0.26338228944687353,Win,0.8464115552143626,0.09978971507418295,0.05379872971145452,2,1,0.06231171639427047,0.05244997616777339,2,0,1.1920928955078125e-07,0.0,4,1,Win,True,20,172
2026-05-14 09:56:12,2026-03-18,Octavos,Barcelona,Newcastle,,1555.1655141752974,1586.469906281484,-31.304392106186697,3,1,1,11,8,10,3,2,0,14,5,11,2,1,1,0,3,2,Win,0.7216432791493487,0.12591117743936092,0.15244554341129035,Win,0.7127355877711492,0.23013822868969558,0.057126183539155204,Win,0.5407912281074048,0.1680407453385394,0.2911680265540558,Win,0.6929773704591484,0.13221959785356494,0.17480303168728684,Win,0.5460286838324249,0.16765664777749476,0.2863146683900804,Win,0.7707628856765188,0.17121374993932956,0.05802336438415131,Win,0.6641565058326658,0.16586335783966422,0.16998013632766998,2,2,0.04908156476723208,0.06988562083862457,2,2,0.0,3.5762786865234375e-07,7,2,Win,True,20,172
2026-05-14 09:58:13,2026-03-18,Octavos,Tottenham,Atleti,,1547.8384421711764,1568.4081809721563,-20.56973880097985,3,0,2,12,10,9,2,2,1,14,9,8,1,0,0,1,2,5,Win,0.8313795865453762,0.15151375981142873,0.01710665364319487,Win,0.8196898892455581,0.18031011075444178,0.0,Win,0.6288847537938053,0.2630163136821417,0.10809893252405314,Win,0.6932582161151065,0.13715556610559182,0.16958621777930144,Win,0.4689394119138014,0.16598694641290246,0.36507364167329626,Win,0.628314124508101,0.10231829862973467,0.2693675768621645,Win,0.6784109970202915,0.16671683256604017,0.15487217041366838,2,1,0.04773887304912001,0.041626313793080405,1,2,1.1920928955078125e-07,0.0,3,2,Win,True,20,172
2026-05-14 10:01:35,2026-04-07,Cuartos,Real Madrid,Bayern Munchen,,1594.842516474828,1648.3154322143419,-53.47291573951384,4,0,1,10,6,12,5,0,0,17,4,15,0,0,0,0,0,0,Loss,0.3079255397390067,0.10024854652699385,0.5918259137339995,Loss,0.2530065242689311,0.2029868132184312,0.5440066625126375,Loss,0.043643863645928,0.0833818433673928,0.8729742929866793,Loss,0.2113729394844563,0.030534351145038174,0.7580927093705053,Loss,0.395021684692762,0.19810331257422928,0.4068750027330087,Loss,0.29623751808303506,0.07305637139562153,0.6307061105213433,Loss,0.2512013449856865,0.1147185397046178,0.6340801153096957,2,3,0.04953786430600328,0.08092434738692676,2,2,2.384185791015625e-07,0.0,1,2,Loss,True,20,176
2026-05-14 10:03:31,2026-04-07,Cuartos,Sporting CP,Arsenal,,1557.3638510595933,1661.562519464174,-104.19866840458076,3,0,2,11,9,9,4,1,0,12,4,13,0,0,0,0,0,0,Win,0.802765749956326,0.12048435010020475,0.0767498999434694,Win,0.835542168659878,0.113005564040875,0.05145226729924701,Win,0.7692653505165089,0.15753606549354027,0.07319858398995091,Win,0.7454042337750497,0.10127055567203884,0.1533252105529114,Win,0.7763806500704448,0.14830259406450028,0.07531675586505522,Win,0.8285127185449304,0.10604325121085936,0.06544403024421011,Win,0.7929784785871896,0.12444039676366975,0.08258112464914066,3,2,0.07526453348025214,0.035843409436045616,2,2,2.384185791015625e-07,2.384185791015625e-07,0,1,Loss,False,20,176
2026-05-14 10:06:52,2026-04-08,Cuartos,Paris,Liverpool,,1608.514491974832,1580.24710797877,28.267383996062108,3,2,0,14,7,11,4,0,1,14,1,12,0,0,0,0,0,0,Win,0.8736771134365281,0.07364746766523624,0.05267541889823572,Win,0.8312534149286549,0.11979536131902276,0.04895122375232255,Win,0.851504218301517,0.08224960914029536,0.0662461725581879,Win,0.755604453622398,0.034188034188034185,0.21020751218956804,Win,0.8331197821162665,0.1024234960878452,0.06445672179588877,Win,0.7589508054189175,0.11725168640808747,0.12379750817299542,Win,0.8173516313040471,0.08825927580142019,0.09438909289453307,3,1,0.07283371472058804,0.06280724480503826,2,2,0.0,0.0,2,0,Win,True,20,178
2026-05-14 10:08:48,2026-04-08,Cuartos,Barcelona,Atleti,,1582.005158948141,1555.1032510173306,26.90190793081024,4,1,0,18,7,13,2,1,2,15,11,7,0,0,0,0,0,0,Win,0.9295059062949467,0.059462655622162186,0.011031438082891119,Win,0.8192584147409159,0.13662144009015534,0.04412014516892869,Win,0.8813575702568242,0.08112730267581014,0.03751512706736589,Win,0.8759983559500105,0.0710855093132481,0.052916134736741074,Win,0.7748690026328565,0.17682479991054037,0.04830619745660302,Win,0.9060201992141709,0.07358591821401736,0.02039388257181159,Win,0.8645015748482875,0.09978460430432225,0.035713820847390235,4,1,0.05872818744010406,0.035954832776693625,2,1,2.384185791015625e-07,1.1920928955078125e-07,0,2,Loss,False,20,178
2026-05-14 10:12:14,2026-04-14,Cuartos,Atleti,Barcelona,,1583.1165391940017,1553.9918707714698,29.12466842253184,3,1,1,16,9,10,3,1,1,16,8,10,1,1,0,0,2,0,Win,0.8114089361846604,0.11222036129880601,0.07637070251653366,Win,0.6703492918292222,0.24636060381977098,0.08329010435100677,Win,0.7414456848657366,0.10590120691770218,0.152653108216561,Win,0.6831928328762902,0.10492949445091919,0.21187767267279067,Win,0.6123706860804545,0.35338865836741973,0.034240655552126034,Win,0.8626066036069437,0.050243724726976705,0.08714967166607933,Win,0.730229005907218,0.16217400826359912,0.10759698582918292,2,1,0.07498499849969997,0.06581033353509157,2,1,2.384185791015625e-07,0.0,1,2,Loss,False,20,180
2026-05-14 10:14:13,2026-04-14,Cuartos,Liverpool,Paris,,1563.3434348310948,1625.4181651225072,-62.07473029141238,3,0,2,13,3,9,4,1,0,15,6,13,1,0,0,1,0,2,Loss,0.44900873165717725,0.08414860891695122,0.4668426594258716,Win,0.622054773022764,0.18870514196601545,0.18924008501122033,Win,0.5348256012894133,0.203331677347847,0.2618427213627398,Loss,0.463104467975718,0.03946235663674436,0.49743317538753756,Win,0.6430884014284092,0.1755805713506401,0.18133102722095093,Win,0.578616163382117,0.0929127295782713,0.3284711070396116,Win,0.5484496897925998,0.13069018096607823,0.32086012924132196,3,2,0.0794418025978766,0.05696490147450444,2,3,0.0,0.0,0,2,Loss,False,20,180
2026-05-14 10:17:35,2026-04-15,Cuartos,Arsenal,Sporting CP,,1674.6645371311479,1544.2618333926196,130.40270373852832,4,1,0,10,4,13,3,0,2,10,7,9,1,1,0,0,1,0,Win,0.9307092503168392,0.0692907496831608,0.0,Win,0.8474205165236736,0.11466731022844805,0.03791217324787831,Win,0.8380289380289379,0.16197106197106195,0.0,Win,0.9268921095008051,0.07310789049919485,0.0,Win,0.9284253587107434,0.07157464128925686,0.0,Win,0.7644511020062476,0.1717391236480603,0.06380977434569246,Win,0.8726545458478744,0.1103917962198638,0.016953657932261796,3,1,0.053469617541179404,0.030512292604784722,3,0,2.384185791015625e-07,3.725290298461914e-09,0,0,Draw,False,20,182
2026-05-14 10:19:33,2026-04-15,Cuartos,Bayern Munchen,Real Madrid,,1663.59719594713,1579.5607527420398,84.03644320509034,5,0,0,16,4,15,4,0,1,9,4,12,1,1,0,0,2,1,Loss,0.43214843610083564,0.07779531159222994,0.4900562523069344,Win,0.7349230842179295,0.09430726564475454,0.17076965013731585,Win,0.5334967510293709,0.0347612141420801,0.43174203482854895,Win,0.5410054819473801,0.024306164183464804,0.43468835386915494,Win,0.5528862006128374,0.10275591249863705,0.34435788688852553,Loss,0.295483249867429,0.10267379718870558,0.6018429529438654,Win,0.5149905339626304,0.07276661087497867,0.41224285516239084,3,2,0.10375933692926147,0.05263078946776311,2,3,0.0,0.0,4,3,Win,True,20,182
2026-05-14 10:22:54,2026-04-28,Semifinal,Paris,Bayern Munchen,,1647.7838067590242,1672.712001598978,-24.928194839953903,4,1,0,14,4,13,5,0,0,18,7,15,1,0,0,1,1,2,Loss,0.3771403705641804,0.07573921819449045,0.547120411241329,Win,0.4793225018636334,0.10169425768428046,0.41898324045208624,Loss,0.061037741983951864,0.0845741763272377,0.8543880816888103,Loss,0.24386280525438728,0.043166164740203995,0.7129710300054088,Loss,0.4089418295930862,0.15215983994920884,0.43889833045770504,Loss,0.3237278809884393,0.050016556900983965,0.626255562110577,Loss,0.31567218837461314,0.08455836896606757,0.5997694426593193,3,3,0.07787650480087052,0.08711343180015355,2,3,2.384185791015625e-07,2.384185791015625e-07,5,4,Win,False,20,184
2026-05-14 10:26:15,2026-04-29,Semifinal,Atleti,Arsenal,,1564.3509537722616,1667.1789813799376,-102.82802760767595,3,0,2,14,8,9,3,2,0,7,3,11,1,0,0,1,0,4,Win,0.7481087734243878,0.1018362317361107,0.1500549948395015,Win,0.7194733191092344,0.18355141034675168,0.09697527054401407,Win,0.610809854805252,0.07936048347681314,0.30982966171793497,Win,0.60060019334154,0.044910179640718556,0.35448962701774167,Win,0.6022874415980883,0.3745009500729689,0.023211608328942764,Win,0.5243050090456053,0.0886150616699381,0.3870799292844565,Win,0.634264098554018,0.14546238615721685,0.22027351528876526,2,1,0.06828433202426458,0.06618912297349162,2,2,2.384185791015625e-07,1.1920928955078125e-07,1,1,Draw,False,20,185
2026-05-14 10:29:37,2026-05-05,Semifinal,Arsenal,Atleti,,1665.3392557250622,1566.190679427137,99.14857629792527,2,3,0,5,2,9,2,1,2,11,8,7,2,1,1,0,5,1,Win,0.7638352437489815,0.2221401079960396,0.014024648254978808,Win,0.5061677043746633,0.40889060169834857,0.08494169392698808,Win,0.6067283369594575,0.2267693271772861,0.16650233586325658,Win,0.7247018666677367,0.21993079313902006,0.055367340193243,Win,0.5692693849663735,0.411300446311272,0.0194301687223548,Win,0.7147531513307681,0.2551092321529963,0.030137616516235848,Win,0.6475759480079968,0.2906900847458271,0.06173396724617619,2,1,0.04081666326391713,0.07999999999999996,2,2,0.0,0.0,1,0,Win,True,20,186
2026-05-14 10:32:58,2026-05-06,Semifinal,Bayern Munchen,Paris,,1659.2210509623467,1661.2747573956556,-2.0537064333088892,4,0,1,20,11,12,5,0,0,17,6,15,2,1,0,1,6,6,Loss,0.43917294436410304,0.06832219127637942,0.49250486435951746,Win,0.5828102133307036,0.10668090380001301,0.31050888286928346,Win,0.5152709112858076,0.11183388823264326,0.37289520048154917,Win,0.4921536949908358,0.08466388274789159,0.4231824222612727,Loss,0.36334954141548786,0.17674292119341842,0.45990753739109386,Win,0.5295525970960728,0.06520707462871975,0.40524032827520723,Win,0.48705165041383514,0.10224181031317758,0.41070653927298734,2,2,0.05435071296680479,0.06784357007115703,2,3,0.0,2.384185791015625e-07,1,1,Draw,False,20,187
2026-05-14 10:36:59,2026-05-30,Final,Paris,Arsenal,,1663.7535586295728,1673.9116509627877,-10.158092333214881,4,1,0,13,5,13,3,2,0,5,1,11,0,0,0,0,0,0,Win,0.7563223074775998,0.20244791345767257,0.04122977906472772,Win,0.6417620811641932,0.24933206720115503,0.10890585163465176,Win,0.8197412786502409,0.15876858083730205,0.021490140512457193,Win,0.7463779223945813,0.1295086024281134,0.12411347517730498,Win,0.6073060470978179,0.34881918022558156,0.04387477267660092,Win,0.6646895131573421,0.20143146546255503,0.13387902138010283,Win,0.7060331916569625,0.2150513016020633,0.07891550674097424,2,1,0.0781328996006164,0.04884669896727927,2,2,2.384185791015625e-07,0.0,,,,,20,188
